{"sections":{"banner":{"type":"main-collection-banner","disabled":true,"settings":{"show_collection_description":true,"show_collection_image":false,"color_scheme":"scheme-1"}},"product-grid":{"type":"main-collection-product-grid","disabled":true,"settings":{"products_per_page":16,"columns_desktop":4,"columns_mobile":"2","color_scheme":"scheme-1","image_ratio":"adapt","image_shape":"default","show_secondary_image":false,"show_vendor":false,"show_rating":false,"quick_add":"none","enable_filtering":true,"filter_type":"horizontal","enable_sorting":true,"padding_top":36,"padding_bottom":36}},"rich_text_feQJbK":{"type":"rich-text","blocks":{"heading_zNFKY6":{"type":"heading","settings":{"heading":"LE GUIDE CADEAUX","heading_size":"h0"}},"text_LxGDiH":{"type":"text","settings":{"text":"<p>Rien de tel qu'un petit-déjeuner au lit. Découvrez des bijoux incontournables qu'elle adorera.<\/p>"}}},"block_order":["heading_zNFKY6","text_LxGDiH"],"settings":{"desktop_content_position":"center","content_alignment":"center","color_scheme":"","full_width":true,"padding_top":40,"padding_bottom":52}},"jewelry_categories_hBaKPD":{"type":"jewelry-categories","blocks":{"category_qzXk98":{"type":"category","settings":{"category_title":"CADEAUX À MOINS DE 1000 MAD","button_text":"Achetez","button_link":"shopify:\/\/collections\/cadeaux-a-moins-de-1000-mad","background_image":"shopify:\/\/shop_images\/Gifts_Under_125_a045a01f-618d-48fa-8514-81984ee5b84a.jpg","placeholder_color":"#f5f5f5","overlay_opacity":0,"text_color":"#ffffff"}},"category_JXhn6b":{"type":"category","settings":{"category_title":"LE PLUS DOUÉ","button_text":"Achetez","button_link":"shopify:\/\/collections\/le-plus-doue","background_image":"shopify:\/\/shop_images\/Most_Loved_Gifts_b86d015f-66b6-4e50-955d-057ee81bc73a.jpg","placeholder_color":"#f5f5f5","overlay_opacity":0,"text_color":"#ffffff"}},"category_n4My7D":{"type":"category","settings":{"category_title":"PERSONNALISEZ-LE","button_text":"Contactez-nous","button_link":"shopify:\/\/pages\/atelier-azor","background_image":"shopify:\/\/shop_images\/Make_It_Personal_-_Mum.jpg","placeholder_color":"#f5f5f5","overlay_opacity":0,"text_color":"#ffffff"}},"category_fg969m":{"type":"category","settings":{"category_title":"OPTEZ POUR LES BRACELETS","button_text":"Achetez","button_link":"shopify:\/\/collections\/bracelets","background_image":"shopify:\/\/shop_images\/6_65a3a78a-61e8-4c26-a219-fdf43e0b4eb6.jpg","placeholder_color":"#f5f5f5","overlay_opacity":0,"text_color":"#ffffff"}}},"block_order":["category_qzXk98","category_JXhn6b","category_n4My7D","category_fg969m"],"settings":{"max_width":1600,"margin_top":0,"margin_bottom":0,"padding_horizontal":5,"grid_gap":4,"columns_desktop":4,"columns_mobile":"2","image_height_desktop":360,"image_height_mobile":220,"image_border_radius":0,"add_box_shadow":false,"shadow_opacity":0.2,"shadow_vertical_offset":4,"shadow_blur":10,"text_alignment":"left","content_padding":10,"heading_size_desktop":16,"heading_size_mobile":14,"heading_font_weight":"700","heading_letter_spacing":0,"button_size_desktop":12,"button_size_mobile":10,"button_font_weight":"400","button_letter_spacing":0,"mobile_layout":"grid","show_arrows":false,"show_dots":false,"arrow_color":"#ffffff","arrow_background":"#000000","dot_color":"#000000","show_chat_button":false,"chat_button_label":"Chat with us","chat_button_color":"#000000","chat_button_text_color":"#ffffff"}},"lady_bags_BBfCtw":{"type":"lady-bags","name":"Luxury Collection","settings":{"collection":"maman","show_title":false,"collection_title":"Lady Dior","collection_description":"Discover our exclusive collection of luxury bags","products_per_row":"4","image_ratio":"square","show_vendor":true,"show_secondary_image":true,"enable_quick_view":true,"quick_view_text":"Achetez","quick_view_bg_color":"#1a1a1a","quick_view_text_color":"#ffffff","quick_view_font_family":"helvetica"}}},"order":["banner","product-grid","rich_text_feQJbK","jewelry_categories_hBaKPD","lady_bags_BBfCtw"]}