{"sections":{"banner":{"type":"main-collection-banner","disabled":true,"settings":{"show_collection_description":true,"show_collection_image":false,"color_scheme":"scheme-1"}},"product-grid":{"type":"main-collection-product-grid","disabled":true,"settings":{"products_per_page":16,"columns_desktop":4,"columns_mobile":"2","color_scheme":"scheme-1","image_ratio":"adapt","image_shape":"default","show_secondary_image":false,"show_vendor":false,"show_rating":false,"quick_add":"none","enable_filtering":true,"filter_type":"horizontal","enable_sorting":true,"padding_top":36,"padding_bottom":36}},"lady_bags_69JP9U":{"type":"lady-bags","name":"Luxury Collection","settings":{"collection":"bijoux-pour-invites-de-mariage","show_title":false,"collection_title":"Lady Dior","collection_description":"Discover our exclusive collection of luxury bags","products_per_row":"4","image_ratio":"portrait","show_vendor":true,"show_secondary_image":true,"enable_quick_view":true,"quick_view_text":"Achetez","quick_view_bg_color":"#1a1a1a","quick_view_text_color":"#ffffff","quick_view_font_family":"helvetica"}},"missoma_categories_GFJcef":{"type":"missoma-categories","blocks":{"category_7NYwYa":{"type":"category","settings":{"category_title":"LES ESSENTIELS DE HONEYMOON","button_text":"Achetez","button_link":"shopify:\/\/collections\/les-essentiels-de-honeymoon","background_image":"shopify:\/\/shop_images\/HONEYMOON_ESSENTIALS_2_1328f04e-451e-4cbb-bd8b-2de6e4706625.jpg","placeholder_color":"#8b4513","overlay_opacity":0,"text_color":"#ffffff"}},"category_RxU3Bi":{"type":"category","settings":{"category_title":"POUR LA MARIÉE","button_text":"Achetez","button_link":"shopify:\/\/collections\/pour-la-mariee","background_image":"shopify:\/\/shop_images\/FOR_THE_BRIDE_2_835db144-3eda-4d2d-90e2-4132f5fedc4c.jpg","placeholder_color":"#00008b","overlay_opacity":0,"text_color":"#ffffff"}},"category_kr8Qb7":{"type":"category","settings":{"category_title":"FÊTE DU HENNA","button_text":"Achetez","button_link":"shopify:\/\/collections\/fete-du-henna","background_image":"shopify:\/\/shop_images\/HEN_PARTY_1.jpg","placeholder_color":"#e0f0ff","overlay_opacity":0,"text_color":"#ffffff"}}},"block_order":["category_7NYwYa","category_RxU3Bi","category_kr8Qb7"],"name":"Missoma Categories","settings":{"max_width":1600,"margin_top":40,"margin_bottom":0,"padding_horizontal":5,"grid_gap":6,"columns_desktop":3,"columns_mobile":"1","image_aspect_ratio":"1:1","custom_image_ratio":130,"image_border_radius":0,"add_box_shadow":false,"shadow_opacity":0.2,"shadow_vertical_offset":4,"shadow_blur":10,"enable_image_zoom":false,"image_zoom_factor":1.1,"text_alignment":"left","content_padding":10,"content_bottom_position":0,"heading_font_family":"var(--font-heading-family)","heading_size":16,"heading_size_mobile":14,"heading_font_weight":"600","heading_text_transform":"uppercase","heading_letter_spacing":0.5,"heading_line_height":1.2,"heading_margin_bottom":8,"button_font_family":"var(--font-body-family)","button_size":12,"button_size_mobile":10,"button_font_weight":"400","button_letter_spacing":0,"button_line_height":1.4,"button_border_width":1,"button_padding_bottom":2,"hover_transition_duration":0.3,"darken_overlay_on_hover":false,"overlay_opacity_hover":0.3,"button_hover_opacity":0.8,"button_hover_lift":2,"button_hover_color":"#ffffff"}}},"order":["banner","product-grid","lady_bags_69JP9U","missoma_categories_GFJcef"]}