{"sections":{"banner":{"type":"main-collection-banner","disabled":true,"settings":{"show_collection_description":true,"show_collection_image":false,"color_scheme":"scheme-1"}},"product-grid":{"type":"main-collection-product-grid","disabled":true,"settings":{"products_per_page":16,"columns_desktop":4,"columns_mobile":"2","color_scheme":"scheme-1","image_ratio":"adapt","image_shape":"default","show_secondary_image":false,"show_vendor":false,"show_rating":false,"quick_add":"none","enable_filtering":true,"filter_type":"horizontal","enable_sorting":true,"padding_top":36,"padding_bottom":36}},"lady_bags_ycikG3":{"type":"lady-bags","name":"Luxury Collection","settings":{"collection":"fete-du-henna","show_title":false,"collection_title":"Lady Dior","collection_description":"Discover our exclusive collection of luxury bags","products_per_row":"4","image_ratio":"portrait","show_vendor":true,"show_secondary_image":true,"enable_quick_view":true,"quick_view_text":"Achetez","quick_view_bg_color":"#1a1a1a","quick_view_text_color":"#ffffff","quick_view_font_family":"helvetica"}},"missoma_categories_BFjkzA":{"type":"missoma-categories","blocks":{"category_VEz8CR":{"type":"category","settings":{"category_title":"BIJOUX POUR INVITÉS DE MARIAGE","button_text":"Achetez","button_link":"shopify:\/\/collections\/bijoux-pour-invites-de-mariage","background_image":"shopify:\/\/shop_images\/WEDDING_GUEST_304243eb-413a-4645-a9f9-d5561b772421.jpg","placeholder_color":"#8b4513","overlay_opacity":0,"text_color":"#ffffff"}},"category_67V8r8":{"type":"category","settings":{"category_title":"ALLIANCES DE MARIAGE","button_text":"Achetez","button_link":"shopify:\/\/collections\/alliances-de-mariage","background_image":"shopify:\/\/shop_images\/WEDDING_BANDS_2_ece71732-8eb7-4623-b0e4-6a1088c9105d.jpg","placeholder_color":"#00008b","overlay_opacity":0,"text_color":"#ffffff"}},"category_dUYKrh":{"type":"category","settings":{"category_title":"NOUVEAUTÉS","button_text":"Achetez","button_link":"shopify:\/\/collections\/nouveautes","background_image":"shopify:\/\/shop_images\/MOTHER_OF_THE_BRIDE_2_397f5d47-43bc-4bdc-b53f-35ae09e12608.jpg","placeholder_color":"#e0f0ff","overlay_opacity":0,"text_color":"#ffffff"}}},"block_order":["category_VEz8CR","category_67V8r8","category_dUYKrh"],"name":"Missoma Categories","settings":{"max_width":1600,"margin_top":55,"margin_bottom":0,"padding_horizontal":5,"grid_gap":7,"columns_desktop":3,"columns_mobile":"1","image_aspect_ratio":"1:1","custom_image_ratio":120,"image_border_radius":0,"add_box_shadow":false,"shadow_opacity":0.2,"shadow_vertical_offset":4,"shadow_blur":10,"enable_image_zoom":false,"image_zoom_factor":1.1,"text_alignment":"left","content_padding":10,"content_bottom_position":0,"heading_font_family":"var(--font-heading-family)","heading_size":16,"heading_size_mobile":14,"heading_font_weight":"600","heading_text_transform":"uppercase","heading_letter_spacing":0.5,"heading_line_height":1.2,"heading_margin_bottom":8,"button_font_family":"var(--font-body-family)","button_size":12,"button_size_mobile":10,"button_font_weight":"400","button_letter_spacing":0,"button_line_height":1.4,"button_border_width":1,"button_padding_bottom":2,"hover_transition_duration":0.3,"darken_overlay_on_hover":false,"overlay_opacity_hover":0.3,"button_hover_opacity":0.8,"button_hover_lift":2,"button_hover_color":"#ffffff"}}},"order":["banner","product-grid","lady_bags_ycikG3","missoma_categories_BFjkzA"]}