{"sections":{"banner":{"type":"main-collection-banner","disabled":true,"settings":{"show_collection_description":true,"show_collection_image":false,"color_scheme":"scheme-1"}},"product-grid":{"type":"main-collection-product-grid","settings":{"products_per_page":16,"columns_desktop":4,"columns_mobile":"2","color_scheme":"scheme-1","image_ratio":"square","image_shape":"default","show_secondary_image":false,"show_vendor":false,"show_rating":false,"quick_add":"none","enable_filtering":true,"filter_type":"horizontal","enable_sorting":true,"padding_top":36,"padding_bottom":36}},"lady_bags_NXUU6Y":{"type":"lady-bags","disabled":true,"name":"Luxury Collection","settings":{"collection":"bagues-1","products_to_show":8,"show_title":false,"collection_title":"Lady Dior","collection_description":"Discover our exclusive collection of luxury bags","heading_size":"medium","heading_alignment":"center","horizontal_padding":20,"vertical_padding":30,"top_margin":0,"bottom_margin":0,"section_width":"large","display_type":"grid","products_per_row":"4","desktop_slides_to_show":"3","mobile_slides_to_show":"1","show_arrows":true,"show_dots":true,"image_ratio":"portrait","show_vendor":true,"show_secondary_image":true,"enable_quick_view":true,"quick_view_text":"Achetez","quick_view_bg_color":"#1a1a1a","quick_view_text_color":"#ffffff","quick_view_font_family":"helvetica"}}},"order":["banner","product-grid","lady_bags_NXUU6Y"]}