{"sections":{"video_banner_kmj3bh":{"type":"video-banner","blocks":{"heading_zByMdk":{"type":"heading","settings":{"heading_text":"Amazigh","desktop_width":1000,"mobile_width":180,"desktop_heading_size":50,"mobile_heading_size":20,"h1_heading":false}},"button_TTzcEd":{"type":"button","settings":{"button_text":"Découvrir","button_link":"shopify:\/\/collections\/amazigh","button_text_color":"#ffffff","button_bg_color":"#ffffff","button_bg_hover":"#e3e2df","button_radius":4,"font_weight":false,"font_size":10}}},"block_order":["heading_zByMdk","button_TTzcEd"],"name":"Video Banner","settings":{"video":"shopify:\/\/files\/videos\/video-output-07AFEC21-8139-4F0B-8289-15C4391C0CDB-1.mov","video_mobile":"shopify:\/\/files\/videos\/video-output-07AFEC21-8139-4F0B-8289-15C4391C0CDB-1.mov","video_url":"","video-alt":"","content_position":"bottom-center","section_width":2000,"desktop_height":600,"mobile_height":500,"horizontal_padding":0,"vertical_padding":0,"top_margin":0,"bottom_margin":20}},"dual_banner_Thyiy8":{"type":"dual-banner","disabled":true,"settings":{"section_max_width":1250,"banners_gap":4,"left_image":"shopify:\/\/shop_images\/MOBILE-HERO.jpg","left_heading":"SS25 AZULE","left_heading_color":"#ffffff","left_text":"Tous les bijoux de base du printemps.","left_text_color":"#ffffff","left_button_text":"Achetez Maintenant","left_button_link":"shopify:\/\/collections\/ss25-azule","left_button_color":"#ffffff","left_button_text_color":"#ffffff","right_bg_color":"#8b3e2f","show_necklaces":false,"pendant_text":"","right_image":"shopify:\/\/shop_images\/DESKTOP-HERO-BESTSELLERS.jpg","right_heading":"FAITES-LUI UNE JOURNÉE","right_heading_color":"#ffffff","right_text":"Pour les figures maternelles de votre vie, avec nos cadeaux les plus appréciés.","right_text_color":"#ffffff","right_button_text":"Achetez Maintenant","right_button_link":"shopify:\/\/collections\/maman","right_button_color":"#ffffff","right_button_text_color":"#ffffff","show_chat_button":false}},"pdpaola_grid_product_UkmEtL":{"type":"pdpaola-grid-product","disabled":true,"settings":{"collection":"bagues-1","heading":"Tendance","heading_alignment":"left","section_width":"full","horizontal_padding":16,"background_color":"#ffffff","text_color":"#121212","button_background":"#f3f3f3","button_text_color":"#242833","add_to_cart_text":"Ajouter au panier","heading_font_size":22,"title_font_size":10,"price_font_size":10,"image_height":320,"add_to_cart_height":30}},"jewelry_categories_HMGGq4":{"type":"jewelry-categories","blocks":{"category_cfCVtQ":{"type":"category","settings":{"category_title":"COLLIERS","button_text":"Achetez Maintenant","button_link":"shopify:\/\/collections\/colliers-1","background_image":"shopify:\/\/shop_images\/NECKLACES_11e2da81-5286-4bd7-9220-0c4433e15eec.jpg","placeholder_color":"#f5f5f5","overlay_opacity":0,"text_color":"#ffffff"}},"category_UpdK7q":{"type":"category","settings":{"category_title":"BAGUES","button_text":"Achetez Maintenant","button_link":"shopify:\/\/collections\/bagues-1","background_image":"shopify:\/\/shop_images\/sculptural-molten-statement-ring-mixed-metal-rings-missoma-659681.jpg","placeholder_color":"#f5f5f5","overlay_opacity":0,"text_color":"#ffffff"}},"category_6J4x9r":{"type":"category","settings":{"category_title":"TOP 20","button_text":"Achetez Maintenant","button_link":"shopify:\/\/collections\/top-20","background_image":"shopify:\/\/shop_images\/BESTSELLERS_648c8b0a-d037-4b87-9b72-f05045f13c0f.jpg","placeholder_color":"#f5f5f5","overlay_opacity":0,"text_color":"#ffffff"}},"category_peg6qJ":{"type":"category","settings":{"category_title":"BRACELETS","button_text":"Achetez Maintenant","button_link":"shopify:\/\/collections\/bracelets","background_image":"shopify:\/\/shop_images\/GOLD_BRACELETS.jpg","placeholder_color":"#f5f5f5","overlay_opacity":0,"text_color":"#ffffff"}}},"block_order":["category_cfCVtQ","category_UpdK7q","category_6J4x9r","category_peg6qJ"],"disabled":true,"settings":{"max_width":1600,"margin_top":5,"margin_bottom":0,"padding_horizontal":5,"grid_gap":4,"columns_desktop":4,"columns_mobile":"2","image_height_desktop":500,"image_height_mobile":250,"image_border_radius":0,"add_box_shadow":false,"shadow_opacity":0.2,"shadow_vertical_offset":4,"shadow_blur":10,"text_alignment":"left","content_padding":10,"heading_size_desktop":18,"heading_size_mobile":17,"heading_font_weight":"700","heading_letter_spacing":0,"button_size_desktop":12,"button_size_mobile":10,"button_font_weight":"400","button_letter_spacing":0,"mobile_layout":"grid","show_arrows":true,"show_dots":true,"arrow_color":"#ffffff","arrow_background":"#000000","dot_color":"#000000","show_chat_button":false,"chat_button_label":"Chat with us","chat_button_color":"#000000","chat_button_text_color":"#ffffff"}},"lady_bags_eQpm7T":{"type":"lady-bags","name":"Luxury Collection","settings":{"collection":"best-sellers","products_to_show":4,"show_title":true,"collection_title":"BEST SELLERS","collection_description":"Découvrez nos créations les plus convoitées, celles qui ont conquis les cœurs et traversé les saisons.","heading_size":"medium","heading_alignment":"center","horizontal_padding":5,"vertical_padding":0,"top_margin":0,"bottom_margin":0,"section_width":"large","display_type":"grid","products_per_row":"4","desktop_slides_to_show":"3","mobile_slides_to_show":"1","show_arrows":true,"show_dots":true,"image_ratio":"portrait","show_vendor":true,"show_secondary_image":true,"enable_quick_view":true,"quick_view_text":"Achetez","quick_view_bg_color":"#1a1a1a","quick_view_text_color":"#ffffff","quick_view_font_family":"helvetica"}},"video_banner_trkaD9":{"type":"video-banner","blocks":{"heading_fyGyUg":{"type":"heading","settings":{"heading_text":"PETITS TRÉSORS","desktop_width":1000,"mobile_width":180,"desktop_heading_size":50,"mobile_heading_size":20,"h1_heading":false}},"button_rVKEwD":{"type":"button","settings":{"button_text":"Découvrir","button_link":"shopify:\/\/collections\/enfant","button_text_color":"#ffffff","button_bg_color":"#ffffff","button_bg_hover":"#e3e2df","button_radius":4,"font_weight":false,"font_size":11}}},"block_order":["heading_fyGyUg","button_rVKEwD"],"name":"Video Banner","settings":{"video":"shopify:\/\/files\/videos\/InShot_20250730_163658623.mp4","video_url":"","video-alt":"","content_position":"bottom-center","section_width":1750,"desktop_height":500,"mobile_height":400,"horizontal_padding":0,"vertical_padding":0,"top_margin":0,"bottom_margin":20}},"missoma_categories_KXhhWe":{"type":"missoma-categories","blocks":{"category_at7Eq7":{"type":"category","settings":{"category_title":"LA BOUTIQUE DE CERCEAU","button_text":"Découvrir","button_link":"shopify:\/\/pages\/la-boutique-de-cerceau","background_image":"shopify:\/\/shop_images\/HOOP_SHOP.jpg","placeholder_color":"#00008b","overlay_opacity":0,"text_color":"#ffffff"}},"category_yGGxT8":{"type":"category","settings":{"category_title":"LES ESSENTIELS DU QUOTIDIEN","button_text":"Découvrir","button_link":"shopify:\/\/pages\/les-essentiels-du-quotidien","background_image":"shopify:\/\/shop_images\/ESSENTIALS_1dd0b5ad-7c03-48af-bb4b-c3785dc711c9.jpg","placeholder_color":"#8b4513","overlay_opacity":0,"text_color":"#ffffff"}},"category_jH7iwT":{"type":"category","settings":{"category_title":"LE STUDIO DE MARIAGE","button_text":"Découvrir","button_link":"shopify:\/\/pages\/le-studio-de-mariage","background_image":"shopify:\/\/shop_images\/WEDDING-2.jpg","placeholder_color":"#e0f0ff","overlay_opacity":0,"text_color":"#ffffff"}}},"block_order":["category_at7Eq7","category_yGGxT8","category_jH7iwT"],"disabled":true,"settings":{"max_width":1600,"margin_top":0,"margin_bottom":0,"padding_horizontal":5,"grid_gap":4,"columns_desktop":3,"columns_mobile":"1","image_aspect_ratio":"custom","custom_image_ratio":120,"image_border_radius":0,"add_box_shadow":false,"shadow_opacity":0.2,"shadow_vertical_offset":4,"shadow_blur":10,"enable_image_zoom":false,"image_zoom_factor":1.1,"text_alignment":"left","content_padding":15,"content_bottom_position":10,"heading_font_family":"var(--font-heading-family)","heading_size":23,"heading_size_mobile":16,"heading_font_weight":"600","heading_text_transform":"uppercase","heading_letter_spacing":0.5,"heading_line_height":1.2,"heading_margin_bottom":8,"button_font_family":"var(--font-body-family)","button_size":16,"button_size_mobile":14,"button_font_weight":"400","button_letter_spacing":0,"button_line_height":1.4,"button_border_width":1,"button_padding_bottom":2,"hover_transition_duration":0.3,"darken_overlay_on_hover":false,"overlay_opacity_hover":0.3,"button_hover_opacity":0.8,"button_hover_lift":2,"button_hover_color":"#ffffff"}},"category_navigation_nbTrgU":{"type":"category-navigation","blocks":{"category_ypb3JV":{"type":"category","settings":{"title":"SS25 AZULE","link":"shopify:\/\/collections\/ss25-azule"}},"category_WGCJnr":{"type":"category","settings":{"title":"TOP 20","link":"shopify:\/\/collections\/top-20"}},"category_jKchkV":{"type":"category","settings":{"title":"POUR ELLE","link":"shopify:\/\/collections\/cadeaux-pour-elle"}},"category_FVDCQN":{"type":"category","settings":{"title":"CADEAUX À MOINS DE 1000 MAD","link":"shopify:\/\/collections\/cadeaux-a-moins-de-1000-mad"}},"category_jACBgL":{"type":"category","settings":{"title":"NOUVEAUTÉS","link":"shopify:\/\/collections\/nouveautes"}}},"block_order":["category_ypb3JV","category_WGCJnr","category_jKchkV","category_FVDCQN","category_jACBgL"],"disabled":true,"settings":{"background_color":"#ffffff","max_width":1440,"gap":12,"button_height":40,"button_padding":20,"mobile_button_height":36,"mobile_button_padding":16,"button_background":"#ffffff","button_hover_background":"#f5f5f5","text_color":"#000000","text_hover_color":"#000000","border_color":"#e5e5e5","border_hover_color":"#e5e5e5","arrow_background":"#ffffff","arrow_hover_background":"#f5f5f5","arrow_color":"#000000","arrow_hover_color":"#000000","show_dots":false,"dot_size":8,"mobile_dot_size":6,"dot_color":"#000000","dot_active_color":"#000000","font_family":"'Helvetica Neue', Helvetica, Arial, sans-serif","font_size":14,"mobile_font_size":13,"font_weight":"400"}},"missoma_services_jaQdCx":{"type":"missoma-services","blocks":{"service_6UYy3D":{"type":"service","settings":{"image":"shopify:\/\/shop_images\/stores_london_desktop_02_1400x_1273da4f-4fce-48dd-a4c2-c36270c0ac09.jpg","banner_text":"","heading":"NOTRE ATELIER","link_text":"Planifiez votre visite","link":"shopify:\/\/pages\/atelier-azor"}},"service_rB7cjx":{"type":"service","settings":{"image":"shopify:\/\/shop_images\/STORE_PAGES_WELDING.jpg","banner_text":"","heading":"SOUDURE DE BRACELETS","link_text":"Prendre rendez-vous","link":"shopify:\/\/pages\/atelier-azor"}},"service_6KYTh7":{"type":"service","settings":{"image":"shopify:\/\/shop_images\/STORE_WELDING_740084b3-9110-42d6-9a22-b2048a7d486e.jpg","banner_text":"","heading":"CRÉATION JOAILLIÈRE SUR-MESURE","link_text":"Prendre rendez-vous","link":"shopify:\/\/pages\/atelier-azor"}}},"block_order":["service_6UYy3D","service_rB7cjx","service_6KYTh7"],"disabled":true,"settings":{"max_width":1200,"section_padding_vertical":0,"section_padding_horizontal":15,"column_gap":20,"mobile_column_margin":40,"background_color":"#ffffff","font_family":"'Helvetica Neue', Helvetica, Arial, sans-serif","image_height":370,"image_fit":"fill","image_margin":20,"enable_image_hover":false,"image_hover_scale":1.1,"show_badges":false,"badge_top_position":20,"badge_left_position":20,"badge_font_size":14,"mobile_badge_font_size":12,"badge_font_weight":"600","badge_padding_vertical":6,"badge_padding_horizontal":12,"mobile_badge_padding_vertical":4,"mobile_badge_padding_horizontal":10,"badge_background_color":"#ffffff","badge_text_color":"#000000","heading_font_size":18,"mobile_heading_font_size":16,"heading_font_weight":"600","heading_text_transform":"capitalize","heading_letter_spacing":0,"heading_margin":23,"heading_color":"#000000","link_font_size":12,"mobile_link_font_size":16,"link_font_weight":"400","enable_link_hover":true,"link_color":"#000000","link_hover_color":"#666666","enable_carousel":false,"slides_per_view_percentage":35,"mobile_slides_per_view_percentage":85,"slide_spacing":20,"enable_autoplay":false,"autoplay_speed":5,"show_arrows":true,"arrow_size":40,"mobile_arrow_size":35,"arrow_offset":-20,"arrow_background_color":"#ffffff","arrow_color":"#000000","arrow_border_color":"#e5e5e5","arrow_hover_background_color":"#f5f5f5","arrow_hover_color":"#000000","show_dots":true,"dots_margin_top":20,"dot_size":8,"mobile_dot_size":6,"dot_spacing":8,"dot_color":"#000000","dot_active_color":"#000000","hover_transition_duration":0.3}},"loved_by_you_mrgptW":{"type":"loved-by-you","blocks":{"testimonial_nVGU3n":{"type":"testimonial","settings":{"rating":5,"product_title":"Collier pendentif à breloque cœur Ridge","review_text":"C'est le plus beau pendentif, tant par son design que par sa qualité. Tiré du film Barbie, il transmet un message fort de confiance et d'émancipation. Il me donne confiance et me rappelle ma force intérieure, et je le porte tous les jours !","reviewer_name":"Marwa","product_url":""}},"testimonial_EtxEEX":{"type":"testimonial","settings":{"rating":4,"product_title":"collier de pièces d'arc romain gravable de moyenne lucy williams","review_text":"Quelle pièce magnifique ! Sa taille est parfaite et j'adore la chaîne, qui n'est pas trop fine pour le pendentif, contrairement à beaucoup d'autres créateurs, et qui met vraiment en valeur la pièce avec sa riche teinte dorée. Je l'adore.","reviewer_name":"Hanaa Tawfik","product_url":""}},"testimonial_4BrgeG":{"type":"testimonial","settings":{"rating":5,"product_title":"Boucles d'oreilles créoles moyennes entrelacées de azule","review_text":"Je suis surprise par la qualité des boucles d'oreilles ; ce sont les premières boucles d'oreilles Azor que je m'offre et j'adore les porter. Tellement belles ! Ma prochaine paire sera la version plus petite. <3","reviewer_name":"Mariya Oufir","product_url":""}}},"block_order":["testimonial_nVGU3n","testimonial_EtxEEX","testimonial_4BrgeG"],"disabled":true,"settings":{"title":"AIMÉ PAR TOI","section_padding":20,"container_width":1200,"background_color":"#ffffff","items_per_row":3,"mobile_items_per_row":"2","item_gap":30,"mobile_item_gap":20,"item_padding":0,"mobile_item_padding":5,"show_navigation":true,"heading_font":"","heading_size":24,"mobile_heading_size":20,"heading_weight":"600","heading_letter_spacing":0,"heading_color":"#121212","star_size":18,"mobile_star_size":16,"star_color":"#7b5c4b","product_title_font":"sans-serif","product_title_size":18,"mobile_product_title_size":13,"product_title_weight":"600","product_title_color":"#121212","review_font":"sans-serif","review_size":14,"mobile_review_size":12,"review_weight":"400","review_color":"#121212","reviewer_font":"sans-serif","reviewer_size":14,"mobile_reviewer_size":13,"reviewer_weight":"500","reviewer_color":"#666666","shop_button_text":"Shop Now","button_font":"sans-serif","button_font_size":14,"button_font_weight":"500","button_text_color":"#000000","nav_background_color":"#ffffff","nav_color":"#000000","nav_border_color":"#e5e5e5","nav_hover_background_color":"#f5f5f5","nav_hover_color":"#000000"}},"ring_sizing_tips_4HiRaK":{"type":"RING-SIZING-TIPS","blocks":{"tip_block_Nd3jDL":{"type":"tip_block","settings":{"tip_icon":"shopify:\/\/shop_images\/b0227971-533c-4868-9ebc-8d5bb5da7cea.svg","tip_title":"UNE QUALITÉ QUI DURE","tip_description":"Pour plus de tranquillité d’esprit, chaque pièce est couverte par notre garantie de 6 mois."}},"tip_block_WJVWYx":{"type":"tip_block","settings":{"tip_icon":"shopify:\/\/shop_images\/b38592c5-c486-412e-a6a4-1754eb2d1dd4.svg","tip_title":"FABRIQUÉ DE MANIÈRE DURABLE","tip_description":"Fabriqué à la main à partir de matériaux provenant de sources responsables, avec de l'or  100 % recyclés certifiés."}},"tip_block_G4X9rm":{"type":"tip_block","settings":{"tip_icon":"shopify:\/\/shop_images\/868ed373-0045-4184-b689-8b35cbaf7fc6.svg","tip_title":"SERVICE HAUT DE GAMME","tip_description":"Livraison offerte sur toutes les commandes, hors promotions et opérations de liquidation."}}},"block_order":["tip_block_Nd3jDL","tip_block_WJVWYx","tip_block_G4X9rm"],"disabled":true,"settings":{"main_heading":"","text_alignment":"center","background_color":"#faf7f2","heading_color":"#121212","content_color":"#121212","heading_font_size":28,"content_font_size":16,"padding_vertical":60,"padding_horizontal":20,"margin_top":20,"margin_bottom":20}},"instagram_gallery_G8XYbC":{"type":"instagram-gallery","blocks":{"instagram_post_rkXzPV":{"type":"instagram_post","settings":{"image":"shopify:\/\/shop_images\/468566343_549523047858557_9320912146656191_n.jpg","image_alt":"Monday earrings","link":"","caption":"","overlay_text":""}},"instagram_post_Q7qyMg":{"type":"instagram_post","settings":{"image":"shopify:\/\/shop_images\/467615761_1067815171471835_5481322161226519742_n.jpg","image_alt":"Tuesday earrings","link":"","caption":"","overlay_text":""}},"instagram_post_jcCVDf":{"type":"instagram_post","settings":{"image":"shopify:\/\/shop_images\/467695356_539722418910042_8714123644765734440_n.jpg","image_alt":"Wednesday earrings","link":"","caption":"","overlay_text":""}},"instagram_post_mKEPhF":{"type":"instagram_post","settings":{"image":"shopify:\/\/shop_images\/466567528_1026007679192800_1581022218606390486_n.jpg","image_alt":"Thursday earrings","link":"","caption":"","overlay_text":""}},"instagram_post_3kcHn4":{"type":"instagram_post","settings":{"image":"shopify:\/\/shop_images\/465739170_1724201758400272_6838509825444947130_n.jpg","image_alt":"Instagram post","link":"","caption":"","overlay_text":""}},"instagram_post_AqdxTP":{"type":"instagram_post","settings":{"image":"shopify:\/\/shop_images\/466813651_429315233345198_4073529071566347908_n.jpg","image_alt":"Instagram post","link":"","caption":"","overlay_text":""}},"instagram_post_dchQ64":{"type":"instagram_post","settings":{"image":"shopify:\/\/shop_images\/464887359_523825390559224_5926116836828453578_n.jpg","image_alt":"Instagram post","link":"","caption":"","overlay_text":""}}},"block_order":["instagram_post_rkXzPV","instagram_post_Q7qyMg","instagram_post_jcCVDf","instagram_post_mKEPhF","instagram_post_3kcHn4","instagram_post_AqdxTP","instagram_post_dchQ64"],"disabled":true,"settings":{"title":"@AZORJEWELRY","background_color":"#ffffff","section_padding":15,"container_width":1600,"container_padding":10,"enable_carousel":true,"show_arrow":false,"columns_desktop":3,"columns_mobile":"2","grid_gap":10,"grid_gap_mobile":2,"carousel_items_per_view_desktop":"2","carousel_items_per_view_mobile":"1","carousel_item_spacing":0,"carousel_autoplay":false,"carousel_autoplay_speed":5,"carousel_pause_on_hover":true,"image_aspect_ratio":"1\/1","title_font":"sans-serif","title_size":24,"title_size_mobile":20,"title_weight":"700","title_letter_spacing":0,"title_color":"#000000","title_alignment":"left","title_margin":30,"title_margin_mobile":20,"enable_hover_effect":false,"hover_transition_speed":0.3,"show_instagram_icon":true,"show_captions":false,"caption_font":"sans-serif","caption_font_size":14,"caption_font_size_mobile":12,"caption_color":"#333333","show_follow_button":true,"follow_text":"Follow Us on Instagram","instagram_url":"","follow_button_margin":30,"follow_button_font":"sans-serif","follow_button_font_size":14,"follow_button_font_size_mobile":12,"follow_button_font_weight":"500","follow_button_padding_vertical":12,"follow_button_padding_vertical_mobile":10,"follow_button_padding_horizontal":30,"follow_button_padding_horizontal_mobile":20,"follow_button_background":"#ffffff","follow_button_color":"#000000","follow_button_border_color":"#000000","follow_button_hover_background":"#000000","follow_button_hover_color":"#ffffff"}},"pdpaola_grid_product_fTjR3K":{"type":"pdpaola-grid-product","disabled":true,"settings":{"collection":"bagues-1","heading":"Tendance","heading_alignment":"left","section_width":"full","horizontal_padding":16,"background_color":"#ffffff","text_color":"#121212","button_background":"#f3f3f3","button_text_color":"#242833","add_to_cart_text":"Ajouter au panier","heading_font_size":22,"title_font_size":10,"price_font_size":10,"image_height":320,"add_to_cart_height":30}},"lady_bags_EGEbmG":{"type":"lady-bags","name":"Luxury Collection","settings":{"collection":"haute-joaillerie","products_to_show":4,"show_title":true,"collection_title":"BAGUE DE FIANCAILLE","collection_description":"Tantôt discrètes, tantôt affirmées, elles subliment chaque mouvement, capturent la lumière et reflètent l’âme de celle qui les porte.","heading_size":"medium","heading_alignment":"center","horizontal_padding":5,"vertical_padding":0,"top_margin":0,"bottom_margin":0,"section_width":"large","display_type":"grid","products_per_row":"4","desktop_slides_to_show":"3","mobile_slides_to_show":"1","show_arrows":true,"show_dots":true,"image_ratio":"portrait","show_vendor":true,"show_secondary_image":true,"enable_quick_view":true,"quick_view_text":"Achetez","quick_view_bg_color":"#1a1a1a","quick_view_text_color":"#ffffff","quick_view_font_family":"helvetica"}},"video_banner_Vra9gD":{"type":"video-banner","blocks":{"heading_jbWqTA":{"type":"heading","settings":{"heading_text":"L'Art du Sur-Mesure","desktop_width":1000,"mobile_width":180,"desktop_heading_size":50,"mobile_heading_size":20,"h1_heading":false}},"button_AFqTrX":{"type":"button","settings":{"button_text":"Découvrir","button_link":"shopify:\/\/pages\/personnalisation","button_text_color":"#ffffff","button_bg_color":"#ffffff","button_bg_hover":"#e3e2df","button_radius":4,"font_weight":false,"font_size":11}}},"block_order":["heading_jbWqTA","button_AFqTrX"],"name":"Video Banner","settings":{"video":"shopify:\/\/files\/videos\/video-output-9B84A5F2-985D-407E-86B7-D2DBD56AF35E-2.mov","video_url":"","video-alt":"","content_position":"bottom-center","section_width":1750,"desktop_height":500,"mobile_height":400,"horizontal_padding":0,"vertical_padding":0,"top_margin":0,"bottom_margin":20}},"lady_bags_WGAQ3R":{"type":"lady-bags","name":"Luxury Collection","settings":{"collection":"chaine-de-cheville","products_to_show":4,"show_title":true,"collection_title":"CHAINE DE CHEVILLE","collection_description":"Des pièces intemporelles qui s’intègrent naturellement à votre style, rehaussant vos tenues avec discrétion et élégance.","heading_size":"medium","heading_alignment":"center","horizontal_padding":5,"vertical_padding":0,"top_margin":0,"bottom_margin":0,"section_width":"large","display_type":"grid","products_per_row":"4","desktop_slides_to_show":"3","mobile_slides_to_show":"1","show_arrows":true,"show_dots":true,"image_ratio":"portrait","show_vendor":true,"show_secondary_image":true,"enable_quick_view":true,"quick_view_text":"Achetez","quick_view_bg_color":"#1a1a1a","quick_view_text_color":"#ffffff","quick_view_font_family":"helvetica"}}},"order":["video_banner_kmj3bh","dual_banner_Thyiy8","pdpaola_grid_product_UkmEtL","jewelry_categories_HMGGq4","lady_bags_eQpm7T","video_banner_trkaD9","missoma_categories_KXhhWe","category_navigation_nbTrgU","missoma_services_jaQdCx","loved_by_you_mrgptW","ring_sizing_tips_4HiRaK","instagram_gallery_G8XYbC","pdpaola_grid_product_fTjR3K","lady_bags_EGEbmG","video_banner_Vra9gD","lady_bags_WGAQ3R"]}