{"sections":{"main":{"type":"main-page","disabled":true,"settings":{"padding_top":28,"padding_bottom":28}},"image_banner_8UGMQE":{"type":"image-banner","blocks":{"heading_pYHVaK":{"type":"heading","settings":{"heading":"LIEUX ET FRAIS DE LIVRAISON","heading_size":"h1"}}},"block_order":["heading_pYHVaK"],"name":"t:sections.image-banner.presets.name","settings":{"image":"shopify:\/\/shop_images\/WhatsApp_Image_2025-05-13_at_20.09.34_aea98767.jpg","image_overlay_opacity":0,"image_height":"medium","image_behavior":"none","desktop_content_position":"middle-center","desktop_content_alignment":"center","show_text_box":true,"color_scheme":"","stack_images_on_mobile":true,"mobile_content_alignment":"center","show_text_below":true}},"faq_brand_dior_eGBMjQ":{"type":"FAQ-BRAND-DIOR","blocks":{"category_bnympw":{"type":"category","settings":{"category_title":"","category_color":"#000000","category_size":16,"category_spacing":10,"questions":"Maroc","answers":"Livraison gratuit partout au Maroc.","question_color":"#000000","question_size":16,"answer_color":"#666666","answer_size":14}},"category_DbHCr8":{"type":"category","settings":{"category_title":"","category_color":"#000000","category_size":16,"category_spacing":10,"questions":"L'europe","answers":"L’Europe à portée de main – seulement 650 MAD .","question_color":"#000000","question_size":14,"answer_color":"#666666","answer_size":12}},"category_4dc4Cd":{"type":"category","settings":{"category_title":"","category_color":"#000000","category_size":16,"category_spacing":10,"questions":"L'Amérique","answers":"l'Amérique à portée de main – seulement 850 MAD.","question_color":"#000000","question_size":14,"answer_color":"#666666","answer_size":12}}},"block_order":["category_bnympw","category_DbHCr8","category_4dc4Cd"],"settings":{"section_padding_top":45,"section_padding_bottom":0,"background_color":"#ffffff","columns_desktop":3,"show_title":true,"title":"Tous nos bijoux sont livrés dans un emballage élégant, accompagnés d’un reçu de garantie, d’une boîte raffinée et d’un sac original.","title_font":"futura_n4","title_size":20,"title_weight":"500","title_color":"#000000","title_alignment":"center","title_spacing":20,"content_font":"helvetica_n4","divider_color":"#e5e5e5","question_hover_color":"#f5f5f5"}},"faq_brand_dior_66geyr":{"type":"FAQ-BRAND-DIOR","blocks":{"category_KPYaQC":{"type":"category","settings":{"category_title":"","category_color":"#000000","category_size":16,"category_spacing":10,"questions":"puis-je retourner un bijou si je change d’avis ?","answers":"Nos créations sont produites en séries limitées, voire en pièces uniques. Par souci d’hygiène et pour préserver l’exclusivité de chaque bijou, les retours ne sont pas acceptés en cas de simple changement d’avis.Cependant, si vous n’êtes pas entièrement satisfait(e) de votre bijou, veuillez noter que les articles neufs, non portés, non endommagés et non personnalisés peuvent être retournés dans un délai de 5 jours suivant la réception, pour un remboursement intégral.Les bijoux personnalisés ou réalisés sur mesure peuvent uniquement faire l’objet :d’un échange, oud’un avoir (bon d'achat) d’une valeur équivalente à 70% du montant de l’article, les 30% restants couvrant les frais liés à la conception et à la fabrication.Pour toute demande de retour, veuillez nous contacter au préalable à azorjewelry@gmail.com avec votre numéro de commande et des photos du bijou.","question_color":"#000000","question_size":16,"answer_color":"#666666","answer_size":14}},"category_hQc7Rj":{"type":"category","settings":{"category_title":"","category_color":"#000000","category_size":16,"category_spacing":10,"questions":"la livraison de bijoux azor. est-elle sûre ?","answers":"Tous les produits achetés en ligne auprès de Azor. sont livrés de manière sécurisée par l’intermédiaire d’un service de livraison désigné.","question_color":"#000000","question_size":14,"answer_color":"#666666","answer_size":12}},"category_PpQ9aA":{"type":"category","settings":{"category_title":"","category_color":"#000000","category_size":16,"category_spacing":10,"questions":"puis-je modifier mon adresse de livraison après commande ?","answers":"Si votre commande n’a pas encore été expédiée, nous pouvons modifier l’adresse. Veuillez nous contacter rapidement avec les informations mises à jour.","question_color":"#000000","question_size":14,"answer_color":"#666666","answer_size":12}},"category_NxJbiy":{"type":"category","settings":{"category_title":"","category_color":"#000000","category_size":24,"category_spacing":30,"questions":"puis-je récupérer ma commande ?","answers":"Oui, vous pouvez récupérer votre commande en boutique dès qu’elle est prête. Nous vous informerons par e-mail ou téléphone dès qu’elle sera disponible.","question_color":"#000000","question_size":14,"answer_color":"#666666","answer_size":12}},"category_7VB3An":{"type":"category","settings":{"category_title":"","category_color":"#000000","category_size":24,"category_spacing":30,"questions":"les articles azor. sont-ils assurés lors de leur livraison ?","answers":"Azor est responsable de la commande jusqu'à ce que celle-ci soit livrée au client. Si le colis est manquant, Azor peut choisir d'ouvrir une enquête auprès du transporteur afin de déterminer la partie responsable. Veuillez contacter notre Service Client si les détails de votre commande indiquent que le colis a été livré, mais que rien n'a été reçu.","question_color":"#000000","question_size":14,"answer_color":"#666666","answer_size":12}}},"block_order":["category_KPYaQC","category_hQc7Rj","category_PpQ9aA","category_NxJbiy","category_7VB3An"],"settings":{"section_padding_top":0,"section_padding_bottom":0,"background_color":"#ffffff","columns_desktop":3,"show_title":true,"title":"FAQS","title_font":"futura_n4","title_size":28,"title_weight":"500","title_color":"#000000","title_alignment":"center","title_spacing":20,"content_font":"helvetica_n4","divider_color":"#e5e5e5","question_hover_color":"#f5f5f5"}},"rich_text_LHaWAx":{"type":"rich-text","blocks":{"heading_Kzaii8":{"type":"heading","settings":{"heading":"AVEZ-VOUS ENCORE DES QUESTIONS","heading_size":"h1"}},"text_ymJcgR":{"type":"text","settings":{"text":"<p>Pour plus de détails, veuillez consulter notre<a href=\"https:\/\/www.azorjewelry.com\/pages\/faq\" title=\"Faq\"> FAQ<\/a>.<\/p>"}}},"block_order":["heading_Kzaii8","text_ymJcgR"],"settings":{"desktop_content_position":"center","content_alignment":"center","color_scheme":"","full_width":true,"padding_top":40,"padding_bottom":52}}},"order":["main","image_banner_8UGMQE","faq_brand_dior_eGBMjQ","faq_brand_dior_66geyr","rich_text_LHaWAx"]}