{"sections":{"main":{"type":"main-page","disabled":true,"settings":{"padding_top":28,"padding_bottom":28}},"rich_text_TdKz7W":{"type":"rich-text","blocks":{"heading_GPt48B":{"type":"heading","settings":{"heading":"NOS SERVICES","heading_size":"h0"}},"text_R4TCpF":{"type":"text","settings":{"text":"<p>Profitez de nos expériences exclusives en magasin<\/p>"}}},"block_order":["heading_GPt48B","text_R4TCpF"],"settings":{"desktop_content_position":"center","content_alignment":"center","color_scheme":"","full_width":true,"padding_top":100,"padding_bottom":0}},"bracelet_sizesvideos_guide_PFBMGp":{"type":"bracelet-sizesvideos-guide","settings":{"heading":"Gravure personnalisée","description":"<p>Pour être irremplaçable, il faut toujours être différent . Pour rendre votre pièce encore plus unique, découvrez le service de gravure de la Maison et personnalisez votre création.<\/p>","button_text":"Prendre rendez-vous","button_link":"shopify:\/\/pages\/atelier-azor","video":"shopify:\/\/files\/videos\/Vidéo sans titre ‐ Réalisée avec Clipchamp (6).mp4","external_video":"","min_size":14,"max_size":22,"size_increment":1,"margin_top":40,"margin_bottom":40}},"bracelet_sizesvideos_guide_qQb7Qz":{"type":"bracelet-sizesvideos-guide","settings":{"heading":"CRÉATION JOAILLIÈRE SUR-MESURE","description":"<p>L’art de transformer une émotion en bijou prend tout son sens dans notre approche sur-mesure. Chaque création est le reflet d’une histoire personnelle, d’un souvenir précieux ou d’un moment unique. <br\/><br\/><\/p>","button_text":"Prendre rendez-vous","button_link":"shopify:\/\/pages\/atelier-azor","guide_image":"shopify:\/\/shop_images\/3-ai_d89d9fb6-f898-499e-afb5-182dcbf60ead.png","external_video":"","min_size":14,"max_size":22,"size_increment":1,"margin_top":20,"margin_bottom":40}},"bracelet_sizesvideos_guide_f7AhkE":{"type":"bracelet-sizesvideos-guide","settings":{"heading":"SOUDURE DE BRACELETS","description":"<p>C'est pour toujours. Découvrez nos bracelets et breloques soudés sans soudure en or massif 18 carats.<\/p>","button_text":"Prendre rendez-vous","button_link":"shopify:\/\/pages\/atelier-azor","guide_image":"shopify:\/\/shop_images\/2-ai_2ad9554b-5006-49ce-8e1c-57e8228ff2a0.png","external_video":"","min_size":14,"max_size":22,"size_increment":1,"margin_top":20,"margin_bottom":40}},"dual_banner_DaKMcX":{"type":"dual-banner","settings":{"section_max_width":1400,"banners_gap":8,"left_image":"shopify:\/\/shop_images\/2222.jpg","left_heading":"HORAIRES D'OUVERTURE","left_heading_color":"#ffffff","left_text":"","left_text_color":"#ffffff","left_button_text":"VOIR","left_button_link":"shopify:\/\/pages\/horaires-douverture-contact","left_button_color":"#ffffff","left_button_text_color":"#ffffff","right_bg_color":"#8b3e2f","show_necklaces":false,"pendant_text":"","right_image":"shopify:\/\/shop_images\/0W0A6441_compressed44.jpg","right_heading":"ATELIER AZOR","right_heading_color":"#ffffff","right_text":"","right_text_color":"#ffffff","right_button_text":"VISITEZ-NOUS","right_button_link":"shopify:\/\/pages\/atelier-azor","right_button_color":"#ffffff","right_button_text_color":"#ffffff","show_chat_button":false}}},"order":["main","rich_text_TdKz7W","bracelet_sizesvideos_guide_PFBMGp","bracelet_sizesvideos_guide_qQb7Qz","bracelet_sizesvideos_guide_f7AhkE","dual_banner_DaKMcX"]}