{"sections":{"main":{"type":"main-page","disabled":true,"settings":{"padding_top":28,"padding_bottom":28}},"video_banner_G6bygX":{"type":"video-banner","settings":{"video":"shopify:\/\/files\/videos\/Vidéo sans titre ‐ Réalisée avec Clipchamp (3).mp4","video_url":"","video-alt":"","content_position":"middle-center","section_width":1200,"desktop_height":600,"mobile_height":500,"horizontal_padding":0,"vertical_padding":0,"top_margin":0,"bottom_margin":0}},"rich_text_84Dwex":{"type":"rich-text","blocks":{"heading_YgjfDx":{"type":"heading","settings":{"heading":"<strong>Bijoux d’âme, Héritage du Maroc<\/strong>","heading_size":"h0"}},"text_YydFF6":{"type":"text","settings":{"text":"<p>AZOR n’est pas simplement une maison de joaillerie. C’est une ode à l’identité, un hommage à la richesse du patrimoine marocain et à la puissance symbolique de la culture amazighe. <\/p><p><\/p><p>Chaque pièce que nous créons raconte une histoire millénaire, tissée entre traditions ancestrales et élégance contemporaine.<br\/><br\/><\/p>"}}},"block_order":["heading_YgjfDx","text_YydFF6"],"name":"t:sections.rich-text.presets.name","settings":{"desktop_content_position":"center","content_alignment":"center","color_scheme":"","full_width":true,"padding_top":40,"padding_bottom":0}},"image_gallery_pdpoala_4dPjTP":{"type":"image-gallery-pdpoala","name":"Fixed Image Grid","settings":{"margin_top":0,"margin_bottom":0,"padding_vertical":20,"padding_horizontal":20,"gap":12,"border_radius":0,"columns_desktop":3,"image_1":"shopify:\/\/shop_images\/0W0A1883_copy.png","image_2":"shopify:\/\/shop_images\/WhatsAppImage2024-05-07at22.14.15_2_6b694859-941c-450b-b225-45426e1c9989.jpg","image_3":"shopify:\/\/shop_images\/0W0A9719_fin.png"}},"rich_text_erPcf3":{"type":"rich-text","blocks":{"heading_94EgNF":{"type":"heading","settings":{"heading":"<strong>Une Origine Ancrée dans l’Héritage<\/strong>","heading_size":"h2"}},"text_hwhWAz":{"type":"text","settings":{"text":"<p>AZOR est née au cœur du Maroc, d’un profond attachement à notre culture et d’un rêve de faire vivre l’héritage amazigh à travers le bijou. Chaque création est inspirée des formes et des symboles que nous avons vus sur nos mères, nos grands-mères, dans les tapis, les tatouages, les parures anciennes. Nous avons voulu les faire renaître, les réinterpréter, pour qu’ils continuent de raconter leur histoire, avec élégance et émotion.<\/p><p> Chez AZOR, chaque bijou porte une mémoire, une énergie, un morceau d’âme du Maroc.<\/p>"}}},"block_order":["heading_94EgNF","text_hwhWAz"],"name":"t:sections.rich-text.presets.name","settings":{"desktop_content_position":"center","content_alignment":"center","color_scheme":"","full_width":true,"padding_top":40,"padding_bottom":16}},"video_banner_wd66zB":{"type":"video-banner","name":"Video Banner","settings":{"video":"shopify:\/\/files\/videos\/carée3_5827a528-a162-4c89-8904-8f2af40ee473.mp4","video_url":"","video-alt":"","content_position":"middle-center","section_width":1200,"desktop_height":600,"mobile_height":500,"horizontal_padding":0,"vertical_padding":0,"top_margin":0,"bottom_margin":0}},"rich_text_z7C4T8":{"type":"rich-text","blocks":{"heading_dcVFEt":{"type":"heading","settings":{"heading":"<strong>Le respect du geste et de la matière<\/strong>","heading_size":"h2"}},"text_ewtcnb":{"type":"text","settings":{"text":"<p>Tous nos bijoux sont fabriqués à la main, avec patience et précision. Nous choisissons nos matériaux pour leur qualité, leur éclat durable et leur provenance responsable : or 18 carats, pierres fines et précieuses.<\/p><p> Chaque étape de fabrication est réalisée dans le respect des traditions et de l’artisanat.<\/p>"}}},"block_order":["heading_dcVFEt","text_ewtcnb"],"name":"t:sections.rich-text.presets.name","settings":{"desktop_content_position":"center","content_alignment":"center","color_scheme":"","full_width":true,"padding_top":40,"padding_bottom":0}},"image_gallery_pdpoala_ghFqMn":{"type":"image-gallery-pdpoala","name":"Fixed Image Grid","settings":{"margin_top":0,"margin_bottom":0,"padding_vertical":20,"padding_horizontal":20,"gap":12,"border_radius":0,"columns_desktop":4,"image_1":"shopify:\/\/shop_images\/0108_1_1_.00_00_07_15.Still001_430x_9425150d-0c42-4296-a7ff-99c6bea3eccb.webp","image_2":"shopify:\/\/shop_images\/16_430x_f75ef308-9caf-448f-a989-bb45a23c9cd0.webp","image_3":"shopify:\/\/shop_images\/Screenshot_2025-05-13_132440.png","image_4":"shopify:\/\/shop_images\/1_045be58a-f385-4cdd8-ab4c-3e7680286788_e32dc0ab-bfec-4808-973c-b85577494ed9.jpg"}},"rich_text_wWbGxR":{"type":"rich-text","blocks":{"heading_Fib7NH":{"type":"heading","settings":{"heading":"<strong>Un bijou, c’est vous, c’est nous<\/strong>","heading_size":"h2"}},"text_jGF3kn":{"type":"text","settings":{"text":"<p>Chez AZOR, nous aimons créer avec vous. Que ce soit pour une bague de fiançailles, un bijou de naissance ou une création unique, chaque projet est une aventure humaine. Nous prenons le temps d’écouter, de dessiner, de choisir les pierres avec vous. Ce sont ces échanges qui donnent naissance à des bijoux profondément personnels.<\/p><h3><\/h3>"}}},"block_order":["heading_Fib7NH","text_jGF3kn"],"name":"t:sections.rich-text.presets.name","settings":{"desktop_content_position":"center","content_alignment":"center","color_scheme":"","full_width":true,"padding_top":40,"padding_bottom":0}},"rich_text_WmnDyC":{"type":"rich-text","blocks":{"heading_ydBNjB":{"type":"heading","settings":{"heading":"<strong>Plus qu’une marque, Azor est un langage universel.<\/strong>","heading_size":"h2"}},"text_9czXwa":{"type":"text","settings":{"text":"<p>Un pont entre hier et demain, entre tradition et innovation, entre culture et élégance.<br\/>Portée par une vision résolument tournée vers l’avenir, AZOR Jewelry élève l’art de la joaillerie marocaine à de nouveaux sommets, séduisant une clientèle en quête de pièces à la fois intemporelles et résolument contemporaines.<\/p>"}}},"block_order":["heading_ydBNjB","text_9czXwa"],"name":"t:sections.rich-text.presets.name","settings":{"desktop_content_position":"center","content_alignment":"center","color_scheme":"","full_width":true,"padding_top":0,"padding_bottom":0}}},"order":["main","video_banner_G6bygX","rich_text_84Dwex","image_gallery_pdpoala_4dPjTP","rich_text_erPcf3","video_banner_wd66zB","rich_text_z7C4T8","image_gallery_pdpoala_ghFqMn","rich_text_wWbGxR","rich_text_WmnDyC"]}