{"sections":{"main":{"type":"main-page","disabled":true,"settings":{"padding_top":28,"padding_bottom":28}},"faq_brand_dior_6cr6TJ":{"type":"FAQ-BRAND-DIOR","blocks":{"category_UgpEfy":{"type":"category","settings":{"category_title":"","category_color":"#000000","category_size":24,"category_spacing":30,"questions":"Comment puis-je savoir que ma commande est confirmée ?","answers":"Une fois votre commande finalisée, vous recevrez un e-mail de confirmation de commande. Selon vos préférences ou les informations fournies, nous pouvons également vous envoyer une confirmation via WhatsApp ou vous contacter par téléphone afin de valider les détails de votre achat.","question_color":"#000000","question_size":16,"answer_color":"#666666","answer_size":12}},"category_EYBTB8":{"type":"category","settings":{"category_title":"","category_color":"#000000","category_size":24,"category_spacing":30,"questions":"Comment puis-je payer?","answers":"Pour régler votre commande, vous choisissez le moyen de paiement parmi ceux proposés par AZOR Jewelry au niveau de la page de paiement.Dans ce cas, la remise de la transaction pour débit de votre compte est effectuée dans la journée qui suit la date de la confirmation de livraison.Vos paiements sont sécurisés par le Centre Monétique Interbancaire (CMI) qui offre un service de paiement entièrement sécurisé.","question_color":"#000000","question_size":16,"answer_color":"#666666","answer_size":12}},"category_UdeyMy":{"type":"category","settings":{"category_title":"","category_color":"#000000","category_size":24,"category_spacing":30,"questions":"Comment annuler une commande payée par carte bancaire?","answers":"Une fois votre commande passée, nous commençons immédiatement le processus de production de vos articles personnalisés.\n\nÉtant donné que nos produits sont faits sur mesure pour nos clients et que nous débutons immédiatement la production, vous disposez de 30 minutes après avoir passé votre commande pour en solliciter l'annulation. Veuillez noter qu'après 30 minutes, nous sommes en mesure d'offrir un échange ou un bon d'achat. Pour annuler votre commande, veuillez contacter notre service client par email ou whatsapp.\n\nL'annulation n'est possible qu'avant l'expédition de l'article.\n\nLes annulations seront traitées le jour même où nous recevrons votre demande d'annulation.","question_color":"#000000","question_size":16,"answer_color":"#666666","answer_size":12}},"category_qRzeRE":{"type":"category","settings":{"category_title":"","category_color":"#000000","category_size":24,"category_spacing":30,"questions":"Est-il sûr d'acheter en ligne ?","answers":"Une fois votre commande passée, nous commençons immédiatement le processus de production de vos articles personnalisés.\n\nChez Azor, la sécurité en ligne est notre priorité. Nous ne stockons aucune information financière sur nos serveurs. Azor fait appel à des hébergeurs et prestataires de paiement tiers fiables et réputés pour garantir la sécurité des données personnelles.\nL'annulation n'est possible qu'avant l'expédition de l'article.\n\nLes annulations seront traitées le jour même où nous recevrons votre demande d'annulation.","question_color":"#000000","question_size":16,"answer_color":"#666666","answer_size":12}}},"block_order":["category_UgpEfy","category_EYBTB8","category_UdeyMy","category_qRzeRE"],"settings":{"section_padding_top":60,"section_padding_bottom":0,"background_color":"#ffffff","columns_desktop":3,"show_title":true,"title":"Commande et paiement","title_font":"jost_n4","title_size":34,"title_weight":"500","title_color":"#000000","title_alignment":"center","title_spacing":40,"content_font":"roboto_n4","divider_color":"#e5e5e5","question_hover_color":"#f5f5f5"}},"faq_brand_dior_C3yeYD":{"type":"FAQ-BRAND-DIOR","blocks":{"category_iYCh3p":{"type":"category","settings":{"category_title":"","category_color":"#000000","category_size":24,"category_spacing":30,"questions":"Puis-je récupérer ma commande ?","answers":"Oui, vous pouvez récupérer votre commande en boutique dès qu’elle est prête. Nous vous informerons par e-mail ou téléphone dès qu’elle sera disponible.","question_color":"#000000","question_size":16,"answer_color":"#666666","answer_size":12}},"category_3nAxNG":{"type":"category","settings":{"category_title":"","category_color":"#000000","category_size":24,"category_spacing":30,"questions":"Puis-je modifier mon adresse de livraison après commande ?","answers":"Si votre commande n’a pas encore été expédiée, nous pouvons modifier l’adresse. Veuillez nous contacter rapidement avec les informations mises à jour.","question_color":"#000000","question_size":16,"answer_color":"#666666","answer_size":12}},"category_ydiHdW":{"type":"category","settings":{"category_title":"","category_color":"#000000","category_size":24,"category_spacing":30,"questions":"Quels sont les frais de livraison ?","answers":"Les frais de livraison sont à la charge de l’acheteur, au Maroc comme à l’international. Ils sont calculés selon les tarifs de l’envoi express et le poids total de votre commande.\n\nMaroc : Livraison offerte sur toutes les commandes, hors promotions et opérations de liquidation.\nEurope : 650 MAD\n\nAmérique du Nord et Asia : 850 MAD\nLe coût exact du transport est indiqué sur votre facture et peut diminuer si vous regroupez plusieurs pièces dans une seule commande. Nous vous conseillons donc de finaliser vos achats en une seule fois pour optimiser les frais.Tous nos tarifs sont TTC.","question_color":"#000000","question_size":16,"answer_color":"#666666","answer_size":12}},"category_QHcWdN":{"type":"category","settings":{"category_title":"","category_color":"#000000","category_size":24,"category_spacing":30,"questions":"Quels sont les délais de livraison ?","answers":"Votre commande est expédiée dans les 48 heures, sous réserve de stock disponible, après la réception de votre règlement. \nAu Maroc et à l'étranger, les articles vous seront envoyés en express.","question_color":"#000000","question_size":16,"answer_color":"#666666","answer_size":12}},"category_jgMXLY":{"type":"category","settings":{"category_title":"","category_color":"#000000","category_size":24,"category_spacing":30,"questions":"Puis-je commander un bijou pour l’envoyer en cadeau ?","answers":"Absolument ! Il vous suffit d’indiquer l’adresse du destinataire lors de la commande. Nous proposons également un emballage cadeau élégant sur demande.","question_color":"#000000","question_size":16,"answer_color":"#666666","answer_size":12}}},"block_order":["category_iYCh3p","category_3nAxNG","category_ydiHdW","category_QHcWdN","category_jgMXLY"],"settings":{"section_padding_top":60,"section_padding_bottom":0,"background_color":"#ffffff","columns_desktop":3,"show_title":true,"title":"Livraison","title_font":"jost_n4","title_size":34,"title_weight":"500","title_color":"#000000","title_alignment":"center","title_spacing":40,"content_font":"roboto_n4","divider_color":"#e5e5e5","question_hover_color":"#f5f5f5"}},"faq_brand_dior_4CAW3L":{"type":"FAQ-BRAND-DIOR","blocks":{"category_AFctpd":{"type":"category","settings":{"category_title":"","category_color":"#000000","category_size":24,"category_spacing":30,"questions":"Puis-je retourner un bijou si je change d’avis ?","answers":"Si vous n’êtes pas entièrement satisfait(e) de votre bijou, celui-ci peut être retourné dans un délai de 5 jours suivant la réception, à condition qu’il soit neuf, non porté, non endommagé et non personnalisé.\nUn remboursement partiel sera alors effectué, après déduction des frais de livraison et de traitement, fixés à 15 % du montant total de la commande, avec un minimum de 300 DH.\nLes bijoux personnalisés ou réalisés sur mesure ne sont pas éligibles à un remboursement.\nIls peuvent uniquement faire l’objet :\nD’un échange, ou D’un avoir (bon d’achat), selon le type de personnalisation :\n\nPersonnalisation simple (gravure 2D, découpe, etc.) : 65 % de la valeur de l’article restituée (les 35 % couvrant les frais de conception et de fabrication).\nPersonnalisation complexe (joaillerie en relief, sertissage, créations spécifiques, etc.) : 50 % de la valeur de l’article restituée (les 50 % couvrant les frais de conception et de fabrication).","question_color":"#000000","question_size":16,"answer_color":"#666666","answer_size":12}},"category_NBhtwP":{"type":"category","settings":{"category_title":"","category_color":"#000000","category_size":24,"category_spacing":30,"questions":"Et si le bijou reçu est non conforme ?","answers":"Dans le cas rare où un bijou  ne correspond pas à votre commande, veuillez nous contacter sous 48h , avec des photos à l’appui. Nous vous proposerons un échange .","question_color":"#000000","question_size":16,"answer_color":"#666666","answer_size":12}},"category_7rqJP4":{"type":"category","settings":{"category_title":"","category_color":"#000000","category_size":24,"category_spacing":30,"questions":"Les articles en promotion ou en liquidation peuvent-ils être échangés ou remboursés ?","answers":"Non. Tous les articles en promotion ou en liquidation sont considérés comme des ventes finales. Ils ne peuvent être ni retournés, ni échangés, ni remboursés.","question_color":"#000000","question_size":16,"answer_color":"#666666","answer_size":12}}},"block_order":["category_AFctpd","category_NBhtwP","category_7rqJP4"],"settings":{"section_padding_top":60,"section_padding_bottom":0,"background_color":"#ffffff","columns_desktop":3,"show_title":true,"title":"Retours - Échanges - Remboursements","title_font":"jost_n4","title_size":34,"title_weight":"500","title_color":"#000000","title_alignment":"center","title_spacing":40,"content_font":"roboto_n4","divider_color":"#e5e5e5","question_hover_color":"#f5f5f5"}},"faq_brand_dior_cN4ajG":{"type":"FAQ-BRAND-DIOR","blocks":{"category_dLxmU3":{"type":"category","settings":{"category_title":"","category_color":"#000000","category_size":24,"category_spacing":30,"questions":"Vos bijoux sont-ils garantis ?","answers":"Oui. Tous les bijoux Azor bénéficient d’une garantie de 6 mois à compter de la date de réception. Cette garantie couvre les défauts de fabrication ou de matériaux constatés dans des conditions normales d’utilisation.","question_color":"#000000","question_size":16,"answer_color":"#666666","answer_size":12}},"category_xFrjXW":{"type":"category","settings":{"category_title":"","category_color":"#000000","category_size":24,"category_spacing":30,"questions":"Que couvre la garantie ?","answers":"La garantie couvre :\n\nLes défauts liés à l’assemblage\nLes soudures défectueuses\nLes fermoirs qui ne fonctionnent pas correctement\nLes pierres qui se détachent sans raison apparente","question_color":"#000000","question_size":16,"answer_color":"#666666","answer_size":12}},"category_GxHJMk":{"type":"category","settings":{"category_title":"","category_color":"#000000","category_size":24,"category_spacing":30,"questions":"Qu’est-ce qui n’est pas couvert par la garantie ?","answers":"La garantie ne couvre pas :\n\nL’usure naturelle due à l’usage quotidien\nLes rayures, chocs, déformations ou casses accidentelles\nL’oxydation ou la décoloration causée par des produits chimiques, l’eau, le parfum ou l’humidité\nToute modification ou réparation effectuée en dehors d’Azor Jewelry","question_color":"#000000","question_size":16,"answer_color":"#666666","answer_size":12}},"category_iKAMJq":{"type":"category","settings":{"category_title":"","category_color":"#000000","category_size":24,"category_spacing":30,"questions":"Comment faire une réclamation au titre de la garantie ?","answers":"Si vous constatez un défaut couvert par la garantie, contactez-nous à azorjewelry@gmail.com avec :\n\nVotre numéro de commande\nDes photos claires du bijou et du défaut constaté\n\nNotre équipe analysera votre demande sous 7 jours ouvrables et vous informera des étapes à suivre.","question_color":"#000000","question_size":16,"answer_color":"#666666","answer_size":12}},"category_kkihr3":{"type":"category","settings":{"category_title":"","category_color":"#000000","category_size":24,"category_spacing":30,"questions":"Est-ce que la garantie s’applique aussi aux bijoux en promotion ?","answers":"Oui. Tous les bijoux bénéficient de la même garantie de 6 mois, même s’ils ont été achetés en promotion, sauf mention contraire.","question_color":"#000000","question_size":16,"answer_color":"#666666","answer_size":12}},"category_gWXeMt":{"type":"category","settings":{"category_title":"","category_color":"#000000","category_size":24,"category_spacing":30,"questions":"Dois-je renvoyer le bijou dans son emballage d’origine ?","answers":"Idéalement, oui. Pour une protection optimale durant le transport, merci de renvoyer le bijou dans son écrin ou pochette Azor d’origine.","question_color":"#000000","question_size":16,"answer_color":"#666666","answer_size":12}},"category_qpwnJJ":{"type":"category","settings":{"category_title":"","category_color":"#000000","category_size":24,"category_spacing":30,"questions":"Proposez-vous des réparations hors garantie ?","answers":"Oui, nous proposons un service de réparation sur devis pour les bijoux endommagés hors garantie. Chaque demande est étudiée individuellement. Contactez-nous pour en savoir plus.","question_color":"#000000","question_size":16,"answer_color":"#666666","answer_size":12}}},"block_order":["category_dLxmU3","category_xFrjXW","category_GxHJMk","category_iKAMJq","category_kkihr3","category_gWXeMt","category_qpwnJJ"],"settings":{"section_padding_top":60,"section_padding_bottom":0,"background_color":"#ffffff","columns_desktop":3,"show_title":true,"title":"Garantie","title_font":"jost_n4","title_size":34,"title_weight":"500","title_color":"#000000","title_alignment":"center","title_spacing":40,"content_font":"roboto_n4","divider_color":"#e5e5e5","question_hover_color":"#f5f5f5"}},"faq_brand_dior_7BDGUw":{"type":"FAQ-BRAND-DIOR","blocks":{"category_UFKc9H":{"type":"category","settings":{"category_title":"","category_color":"#000000","category_size":24,"category_spacing":30,"questions":"Proposez-vous des promotions ou des offres spéciales ?","answers":"Oui. Azor Jewelry propose occasionnellement des offres spéciales ou des ventes privées sur une sélection de bijoux. Ces promotions sont annoncées via notre newsletter, nos réseaux sociaux ou directement sur notre site web.","question_color":"#000000","question_size":16,"answer_color":"#666666","answer_size":12}},"category_XKnefx":{"type":"category","settings":{"category_title":"","category_color":"#000000","category_size":24,"category_spacing":30,"questions":"Les bijoux en promotion sont-ils les mêmes que les autres ?","answers":"Oui, tous nos bijoux – qu’ils soient à prix régulier ou en promotion – sont fabriqués avec le même niveau d’exigence, de qualité et de savoir-faire. Aucune concession n’est faite sur les matériaux ou la finition.","question_color":"#000000","question_size":16,"answer_color":"#666666","answer_size":12}},"category_nNntBH":{"type":"category","settings":{"category_title":"","category_color":"#000000","category_size":24,"category_spacing":30,"questions":"Puis-je retourner ou échanger un bijou acheté en promotion ?","answers":"Non. Les articles en promotion, soldés ou en liquidation sont considérés comme des ventes finales.\n\nIls ne peuvent pas être retournés, échangés ni remboursés, sauf en cas de défaut manifeste couvert par notre garantie.","question_color":"#000000","question_size":16,"answer_color":"#666666","answer_size":12}},"category_yRd9Kk":{"type":"category","settings":{"category_title":"","category_color":"#000000","category_size":24,"category_spacing":30,"questions":"Les promotions s’appliquent-elles aux commandes personnalisées ?","answers":"En général, les bijoux personnalisés ou sur mesure ne sont pas concernés par les offres promotionnelles, sauf indication explicite.","question_color":"#000000","question_size":16,"answer_color":"#666666","answer_size":12}},"category_jr4M8f":{"type":"category","settings":{"category_title":"","category_color":"#000000","category_size":24,"category_spacing":30,"questions":"Que faire si j’ai oublié d’ajouter un code promo lors de ma commande ?","answers":"Une fois la commande finalisée, aucune modification ne peut être apportée rétroactivement. Pensez à bien entrer votre code avant de valider le paiement.","question_color":"#000000","question_size":16,"answer_color":"#666666","answer_size":12}},"category_4EKKEJ":{"type":"category","settings":{"category_title":"","category_color":"#000000","category_size":24,"category_spacing":30,"questions":"les promotions s’appliquent-elles à la livraison ?","answers":"Non. Les frais de livraison restent à la charge de l’acheteur pendant les périodes promotionnelles, même si la livraison est offerte habituellement hors promo.","question_color":"#000000","question_size":16,"answer_color":"#666666","answer_size":12}}},"block_order":["category_UFKc9H","category_XKnefx","category_nNntBH","category_yRd9Kk","category_jr4M8f","category_4EKKEJ"],"settings":{"section_padding_top":60,"section_padding_bottom":0,"background_color":"#ffffff","columns_desktop":3,"show_title":true,"title":"Promotions","title_font":"jost_n4","title_size":34,"title_weight":"500","title_color":"#000000","title_alignment":"center","title_spacing":40,"content_font":"roboto_n4","divider_color":"#e5e5e5","question_hover_color":"#f5f5f5"}},"faq_brand_dior_aDqKbc":{"type":"FAQ-BRAND-DIOR","blocks":{"category_DBw8EW":{"type":"category","settings":{"category_title":"","category_color":"#000000","category_size":24,"category_spacing":30,"questions":"Comment commander un bijou personnalisé ?","answers":"Vous pouvez faire une demande directement via notre site ou par email à azorjewelry@gmail.com . Notre équipe vous accompagnera pour concevoir une création fidèle à votre vision, en harmonie avec l’esthétique Azor.\n\nVous pouvez également nous appeler au +212 522 31 59 59 ou nous rendre visite directement en boutique pour discuter de votre projet personnalisé avec notre équipe sur place.","question_color":"#000000","question_size":16,"answer_color":"#666666","answer_size":12}},"category_FkYNaU":{"type":"category","settings":{"category_title":"","category_color":"#000000","category_size":24,"category_spacing":30,"questions":"Quel est le délai de création d’un bijou personnalisé ?","answers":"En moyenne, il faut compter entre 7 à 10 jours ouvrables pour la conception et la fabrication de votre pièce personnalisée. Ce délai peut varier selon la complexité du design.","question_color":"#000000","question_size":16,"answer_color":"#666666","answer_size":12}},"category_9Gza4M":{"type":"category","settings":{"category_title":"","category_color":"#000000","category_size":24,"category_spacing":30,"questions":"Puis-je retourner ou échanger un bijou personnalisé ?","answers":"Non. Les bijoux personnalisés ne peuvent être ni retournés ni échangés, sauf en cas de défaut de fabrication couvert par notre garantie. Chaque pièce étant conçue sur mesure, elle est réalisée exclusivement pour vous.","question_color":"#000000","question_size":16,"answer_color":"#666666","answer_size":12}},"category_gJG66K":{"type":"category","settings":{"category_title":"","category_color":"#000000","category_size":24,"category_spacing":30,"questions":"Est-ce que les bijoux personnalisés sont remboursables ?","answers":"Non. Les créations personnalisées ne sont pas éligibles au remboursement.\n\nCependant, si vous n’êtes pas entièrement satisfait(e), nous pouvons vous proposer un avoir équivalent à 70% de la valeur de l’article, les 30% couvrant les frais de conception et de fabrication.","question_color":"#000000","question_size":16,"answer_color":"#666666","answer_size":12}},"category_7kdRG3":{"type":"category","settings":{"category_title":"","category_color":"#000000","category_size":24,"category_spacing":30,"questions":"Puis-je modifier ma commande personnalisée après validation ?","answers":"Une fois la commande confirmée, les modifications ne sont plus possibles si la production a déjà commencé. Nous vous conseillons donc de bien valider chaque détail avec notre équipe avant lancement.","question_color":"#000000","question_size":16,"answer_color":"#666666","answer_size":12}},"category_7dDpEw":{"type":"category","settings":{"category_title":"","category_color":"#000000","category_size":24,"category_spacing":30,"questions":"Les promotions s’appliquent-elles aux bijoux personnalisés ?","answers":"En général, les pièces personnalisées ne sont pas éligibles aux promotions ou aux codes promo.","question_color":"#000000","question_size":16,"answer_color":"#666666","answer_size":12}}},"block_order":["category_DBw8EW","category_FkYNaU","category_9Gza4M","category_gJG66K","category_7kdRG3","category_7dDpEw"],"settings":{"section_padding_top":60,"section_padding_bottom":0,"background_color":"#ffffff","columns_desktop":3,"show_title":true,"title":"Bijoux Personnalisés","title_font":"jost_n4","title_size":34,"title_weight":"500","title_color":"#000000","title_alignment":"center","title_spacing":40,"content_font":"roboto_n4","divider_color":"#e5e5e5","question_hover_color":"#f5f5f5"}},"rich_text_AGqDPB":{"type":"rich-text","blocks":{"heading_x9K79P":{"type":"heading","settings":{"heading":"AVEZ-VOUS ENCORE DES QUESTIONS","heading_size":"h1"}},"text_aiRFCa":{"type":"text","settings":{"text":"<p>Si vous n'avez pas trouvé de réponse à votre question, veuillez <a href=\"\/pages\/contact\" title=\"Contact\">nous contacter<\/a> - nous nous efforçons de répondre à toutes les questions dans un délai de 48 heures.<\/p>"}}},"block_order":["heading_x9K79P","text_aiRFCa"],"settings":{"desktop_content_position":"center","content_alignment":"center","color_scheme":"","full_width":true,"padding_top":40,"padding_bottom":52}}},"order":["main","faq_brand_dior_6cr6TJ","faq_brand_dior_C3yeYD","faq_brand_dior_4CAW3L","faq_brand_dior_cN4ajG","faq_brand_dior_7BDGUw","faq_brand_dior_aDqKbc","rich_text_AGqDPB"]}