{"sections":{"main":{"type":"main-page","disabled":true,"settings":{"padding_top":28,"padding_bottom":28}},"rich_text_QYr6pD":{"type":"rich-text","blocks":{"heading_eEiVrf":{"type":"heading","settings":{"heading":"LE STUDIO DE MARIAGE","heading_size":"h0"}}},"block_order":["heading_eEiVrf"],"settings":{"desktop_content_position":"center","content_alignment":"center","color_scheme":"","full_width":true,"padding_top":44,"padding_bottom":8}},"jewelry_categories_QwA6Mp":{"type":"jewelry-categories","blocks":{"category_c8Pwkg":{"type":"category","settings":{"category_title":"POUR LA MARIÉE","button_text":"Découvrir","button_link":"shopify:\/\/collections\/pour-la-mariee","background_image":"shopify:\/\/shop_images\/FOR_THE_BRIDE_2_835db144-3eda-4d2d-90e2-4132f5fedc4c.jpg","placeholder_color":"#f5f5f5","overlay_opacity":0,"text_color":"#ffffff"}},"category_eq67ng":{"type":"category","settings":{"category_title":"ALLIANCES DE MARIAGE","button_text":"Découvrir","button_link":"shopify:\/\/collections\/alliances-de-mariage","background_image":"shopify:\/\/shop_images\/WEDDING_BANDS_2_ece71732-8eb7-4623-b0e4-6a1088c9105d.jpg","placeholder_color":"#f5f5f5","overlay_opacity":0,"text_color":"#ffffff"}},"category_ymcqyG":{"type":"category","settings":{"category_title":"FÊTE DU HENNA","button_text":"Découvrir","button_link":"shopify:\/\/collections\/fete-du-henna","background_image":"shopify:\/\/shop_images\/HEN_PARTY_1.jpg","placeholder_color":"#f5f5f5","overlay_opacity":0,"text_color":"#ffffff"}},"category_eqMNDj":{"type":"category","settings":{"category_title":"BIJOUX POUR INVITÉS DE MARIAGE","button_text":"Découvrir","button_link":"shopify:\/\/collections\/bijoux-pour-invites-de-mariage","background_image":"shopify:\/\/shop_images\/WEDDING_GUEST_304243eb-413a-4645-a9f9-d5561b772421.jpg","placeholder_color":"#f5f5f5","overlay_opacity":0,"text_color":"#ffffff"}}},"block_order":["category_c8Pwkg","category_eq67ng","category_ymcqyG","category_eqMNDj"],"settings":{"max_width":1600,"margin_top":0,"margin_bottom":10,"padding_horizontal":5,"grid_gap":4,"columns_desktop":4,"columns_mobile":"2","image_height_desktop":360,"image_height_mobile":250,"image_border_radius":0,"add_box_shadow":false,"shadow_opacity":0.2,"shadow_vertical_offset":4,"shadow_blur":10,"text_alignment":"left","content_padding":10,"heading_size_desktop":16,"heading_size_mobile":14,"heading_font_weight":"700","heading_letter_spacing":0,"button_size_desktop":12,"button_size_mobile":10,"button_font_weight":"400","button_letter_spacing":0,"mobile_layout":"grid","show_arrows":true,"show_dots":true,"arrow_color":"#ffffff","arrow_background":"#000000","dot_color":"#000000","show_chat_button":false,"chat_button_label":"Chat with us","chat_button_color":"#000000","chat_button_text_color":"#ffffff"}},"pdpaola_grid_product_e8UKtt":{"type":"pdpaola-grid-product","disabled":true,"settings":{"collection":"bijoux-pour-invites-de-mariage","heading":"SOYEZ L'INVITÉ LE MIEUX HABILLÉ","heading_alignment":"center","section_width":"full","horizontal_padding":16,"background_color":"#ffffff","text_color":"#000000","button_background":"#f3f3f3","button_text_color":"#121212","add_to_cart_text":"Ajouter au panier","heading_font_size":20,"title_font_size":10,"price_font_size":10,"image_height":300,"add_to_cart_height":30}},"dual_banner_c3TAtg":{"type":"dual-banner","settings":{"section_max_width":1400,"banners_gap":8,"left_image":"shopify:\/\/shop_images\/HONEYMOON_ESSENTIALS_2_1328f04e-451e-4cbb-bd8b-2de6e4706625.jpg","left_heading":"LES ESSENTIELS DE HONEYMOON","left_heading_color":"#ffffff","left_text":"","left_text_color":"#ffffff","left_button_text":"Découvrir","left_button_link":"shopify:\/\/collections\/les-essentiels-de-honeymoon","left_button_color":"#ffffff","left_button_text_color":"#ffffff","right_bg_color":"#8b3e2f","show_necklaces":false,"pendant_text":"","right_image":"shopify:\/\/shop_images\/MOTHER_OF_THE_BRIDE_2_397f5d47-43bc-4bdc-b53f-35ae09e12608.jpg","right_heading":"NOUVEAUTÉS","right_heading_color":"#ffffff","right_text":"","right_text_color":"#ffffff","right_button_text":"Découvrir","right_button_link":"shopify:\/\/collections\/nouveautes","right_button_color":"#ffffff","right_button_text_color":"#ffffff","show_chat_button":false}}},"order":["main","rich_text_QYr6pD","jewelry_categories_QwA6Mp","pdpaola_grid_product_e8UKtt","dual_banner_c3TAtg"]}