{"sections":{"main":{"type":"main-page","disabled":true,"settings":{"padding_top":36,"padding_bottom":36}},"contact_form_missoma_UXm8Vq":{"type":"contact-form-missoma","disabled":true,"settings":{"heading":"CONTACTEZ - NOUS","subtext":"Derrière chaque message, une belle rencontre vous attend.","heading_color":"#000000","heading_size":32,"label_font_size":16,"horizontal_alignment":"center","heading_alignment":"center"}},"custom_dior_contact_9QqqF7":{"type":"custom-dior-contact","blocks":{"phone_number_ALmwek":{"type":"phone_number","settings":{"label":"","phone":"+212 522315959"}}},"block_order":["phone_number_ALmwek"],"name":"Contact Form","settings":{"title":"Adresse et contact","ambassador_text":"Notre siège est situé à : 5, 31 rue Libourne Casablanca, Maroc.\n\nEnregitré sous le RC:442029 IF:37667255 Patente:37300324","phone_title":"NOUS APPELER","phone_description":"Nos Ambassadeurs sont à votre écoute et vous apportent un conseil personnalisé par téléphone.","service_hours":"Service disponible du lundi au vendredi de 9h à 16h.","email_title":"NOUS ADRESSER UN EMAIL","required_fields_text":"(*) Les champs marqués d'un astérisque sont obligatoires.","success_message":"Merci pour votre message. Nous vous répondrons dans les plus brefs délais.","personal_info_title":"Vos informations","title_label":"Civilité*","title_options":"M.,Mme.","first_name_label":"Prénom*","last_name_label":"Nom*","email_label":"E-mail*","phone_label":"Téléphone mobile*","inquiry_title":"Votre demande","subject_label":"Objet*","message_label":"Votre message*","message_max_length":360,"characters_remaining_text":"caractères restants","submit_button_text":"ENVOYER","privacy_notice":"Azor jewelry est le responsable du traitement de vos données. Les informations fournies ci-dessus sont nécessaires pour traiter votre demande et répondre à vos questions. Pour en savoir plus sur le traitement de vos données personnelles et pour connaître vos droits, veuillez consulter notre politique de confidentialité ou nous adresser un email via notre formulaire de contact.","whatsapp_title":"ÉCHANGER AVEC NOUS PAR WHATSAPP","whatsapp_description_1":"Un ambassadeur Azor vous accompagne par messagerie WhatsApp.","whatsapp_description_2":"Echangez à votre rythme tout au long de la journée.","whatsapp_button_text":"LANCER UNE DISCUSSION","whatsapp_number":"+212656260117"}}},"order":["main","contact_form_missoma_UXm8Vq","custom_dior_contact_9QqqF7"]}