{"sections":{"main":{"type":"main-page","disabled":true,"settings":{"padding_top":28,"padding_bottom":28}},"rich_text_R9Xwba":{"type":"rich-text","blocks":{"heading_UrjnDy":{"type":"heading","settings":{"heading":"NOTRE ATELIER","heading_size":"h0"}},"text_JjWiPh":{"type":"text","settings":{"text":"<p><br\/>Derrière chaque bijou AZOR, il y a un lieu vivant, silencieux parfois, mais toujours vibrant, notre atelier. C’est là que tout commence, dans la lumière, la matière, et les mains.<br\/><br\/><\/p>"}}},"block_order":["heading_UrjnDy","text_JjWiPh"],"settings":{"desktop_content_position":"center","content_alignment":"center","color_scheme":"","full_width":true,"padding_top":36,"padding_bottom":16}},"tresom_banner_JBkgJy":{"type":"tresom-banner","settings":{"section_width":"100%","banner_height":600,"mobile_banner_height":400,"gap":8,"mobile_gap":3,"margin_top":0,"margin_bottom":0,"content_padding_horizontal":20,"content_padding_bottom":20,"mobile_content_padding_horizontal":15,"mobile_content_padding_bottom":30,"text_color":"#ffffff","side_content_position":"bottom","center_content_position":"center","heading_font_family":"helvetica_n4","heading_font_size":16,"mobile_heading_font_size":14,"heading_font_weight":"400","heading_color":"#ffffff","link_font_family":"helvetica_n4","link_font_size":12,"mobile_link_font_size":10,"link_color":"#ffffff","left_image":"shopify:\/\/shop_images\/76_0966e5b3-f2ec-476f-963e-185346d1ba29.jpg","left_heading":"CASABLANCA","left_link_text":"VISITEZ-NOUS","left_link_url":"https:\/\/maps.app.goo.gl\/3aHMewnTCneNAPmp8","center_video_url":"https:\/\/cdn.shopify.com\/videos\/c\/o\/v\/2511a7a0981d42218b7290775ca317f8.mp4","center_heading":"","center_link_text":"","center_link_url":"","right_image":"shopify:\/\/shop_images\/0W0A64461.png","right_heading":"HORAIRES D'OUVERTURE","right_link_text":"VOIR","right_link_url":"shopify:\/\/pages\/horaires-douverture-contact"}},"dual_banner_HBXnUb":{"type":"dual-banner","disabled":true,"settings":{"section_max_width":1400,"banners_gap":8,"left_image":"shopify:\/\/shop_images\/WEB_ABOUT_001_D-M_1000x_e4f23b7d-0622-48b1-a094-c6d4492a45bc.gif","left_heading":"MAISON AZOR","left_heading_color":"#ffffff","left_text":"Pour nous, les bijoux sont un puissant outil d'expression de soi.","left_text_color":"#ffffff","left_button_text":"Voir Plus","left_button_link":"shopify:\/\/pages\/maison-azor","left_button_color":"#ffffff","left_button_text_color":"#ffffff","right_bg_color":"#8b3e2f","show_necklaces":false,"pendant_text":"","right_image":"shopify:\/\/shop_images\/STORE_PAGES_WELDING.jpg","right_heading":"AZOR SERVICES","right_heading_color":"#ffffff","right_text":"Profitez de nos expériences exclusives en magasin.","right_text_color":"#ffffff","right_button_text":"Découvrir","right_button_link":"shopify:\/\/pages\/services","right_button_color":"#ffffff","right_button_text_color":"#ffffff","show_chat_button":false}}},"order":["main","rich_text_R9Xwba","tresom_banner_JBkgJy","dual_banner_HBXnUb"]}