{"sections":{"main":{"type":"main-page","disabled":true,"settings":{"padding_top":28,"padding_bottom":28}},"rich_text_i7DMzC":{"type":"rich-text","blocks":{"heading_EC6jRr":{"type":"heading","settings":{"heading":"<strong>GUIDES  DES TAILLES<\/strong>","heading_size":"h1"}},"text_Y9MUwp":{"type":"text","settings":{"text":"<p>Vous cherchez le guide des tailles de bijoux idéal ? Vous êtes au bon endroit.<\/p>"}}},"block_order":["heading_EC6jRr","text_Y9MUwp"],"settings":{"desktop_content_position":"center","content_alignment":"center","color_scheme":"","full_width":true,"padding_top":100,"padding_bottom":0}},"missoma_services_afP7xE":{"type":"missoma-services","blocks":{"service_emUXEX":{"type":"service","settings":{"image":"shopify:\/\/shop_images\/55_98901c16-fa56-428c-80d5-aa7c256a04ac.jpg","banner_text":"","heading":"Taille de la bague","link_text":"Découvrir","link":"shopify:\/\/pages\/taille-de-la-bague"}},"service_6M7xdc":{"type":"service","settings":{"image":"shopify:\/\/shop_images\/0W0A1817copy_page-0033.jpg","banner_text":"","heading":"Taille du bracelet","link_text":"Découvrir","link":"shopify:\/\/pages\/taille-du-bracelet"}},"service_reKhY9":{"type":"service","settings":{"image":"shopify:\/\/shop_images\/0108_1_1_.00_00_07_15.Still001.jpg","banner_text":"","heading":"Taille du collier","link_text":"Découvrir","link":""}}},"block_order":["service_emUXEX","service_6M7xdc","service_reKhY9"],"settings":{"max_width":1200,"section_padding_vertical":0,"section_padding_horizontal":20,"column_gap":10,"mobile_column_margin":40,"background_color":"#ffffff","font_family":"'Helvetica Neue', Helvetica, Arial, sans-serif","image_height":300,"image_fit":"cover","image_margin":43,"enable_image_hover":true,"image_hover_scale":1.1,"show_badges":false,"badge_top_position":20,"badge_left_position":20,"badge_font_size":14,"mobile_badge_font_size":12,"badge_font_weight":"600","badge_padding_vertical":6,"badge_padding_horizontal":12,"mobile_badge_padding_vertical":4,"mobile_badge_padding_horizontal":10,"badge_background_color":"#ffffff","badge_text_color":"#000000","heading_font_size":16,"mobile_heading_font_size":17,"heading_font_weight":"600","heading_text_transform":"uppercase","heading_letter_spacing":0,"heading_margin":4,"heading_color":"#000000","link_font_size":12,"mobile_link_font_size":12,"link_font_weight":"400","enable_link_hover":true,"link_color":"#000000","link_hover_color":"#666666","enable_carousel":false,"slides_per_view_percentage":35,"mobile_slides_per_view_percentage":85,"slide_spacing":20,"enable_autoplay":false,"autoplay_speed":5,"show_arrows":true,"arrow_size":40,"mobile_arrow_size":35,"arrow_offset":-20,"arrow_background_color":"#ffffff","arrow_color":"#000000","arrow_border_color":"#e5e5e5","arrow_hover_background_color":"#f5f5f5","arrow_hover_color":"#000000","show_dots":true,"dots_margin_top":20,"dot_size":8,"mobile_dot_size":6,"dot_spacing":8,"dot_color":"#000000","dot_active_color":"#000000","hover_transition_duration":0.3}},"rich_text_Wzxrw9":{"type":"rich-text","blocks":{"heading_rez4qW":{"type":"heading","settings":{"heading":"TOUJOURS INCERTAIN ?","heading_size":"h1"}},"text_wTEdJd":{"type":"text","settings":{"text":"<p>Rendez-nous visite en <a href=\"\/pages\/atelier-azor\" title=\"Atelier Azor\">magasin<\/a> ou <a href=\"\/pages\/contact\" title=\"Contact\">contactez<\/a> notre équipe .<\/p>"}}},"block_order":["heading_rez4qW","text_wTEdJd"],"settings":{"desktop_content_position":"center","content_alignment":"center","color_scheme":"","full_width":true,"padding_top":40,"padding_bottom":100}}},"order":["main","rich_text_i7DMzC","missoma_services_afP7xE","rich_text_Wzxrw9"]}