{"sections":{"main":{"type":"main-page","disabled":true,"settings":{"padding_top":28,"padding_bottom":28}},"rich_text_FWLyrN":{"type":"rich-text","blocks":{"heading_44xDUU":{"type":"heading","settings":{"heading":"<strong>LES CHOSES QUI NOUS FONT BOUGER<\/strong>","heading_size":"h0"}}},"block_order":["heading_44xDUU"],"settings":{"desktop_content_position":"center","content_alignment":"center","color_scheme":"","full_width":true,"padding_top":28,"padding_bottom":36}},"image_gallery_pdpoala_LJrMjf":{"type":"image-gallery-pdpoala","disabled":true,"settings":{"margin_top":0,"margin_bottom":0,"padding_vertical":16,"padding_horizontal":16,"gap":8,"border_radius":0,"columns_desktop":6,"image_1":"shopify:\/\/shop_images\/WE_ARE_001_01_1024x1024_da5fce00-0855-4b7c-81fd-e95210f75aeb.jpg","image_2":"shopify:\/\/shop_images\/WE_ARE_001_02_1024x1024_08194701-caa5-4a84-a3ac-045ccd898102.jpg","image_3":"shopify:\/\/shop_images\/CO01-264-U_2_1400x_022f0628-36a8-4e53-8578-ae88df9dd982.jpg","image_4":"shopify:\/\/shop_images\/WE_ARE_001_04_1024x1024_aef1cd2b-b390-43d6-bead-21f2e3142ce1.jpg","image_5":"shopify:\/\/shop_images\/6-CO01-522-U_beauty4_1400x_af86b00c-9f61-4f4b-88b8-2bba6acfa6a6.jpg","image_6":"shopify:\/\/shop_images\/433807586_259639140553298_1268535378322377328_n.jpg"}},"rich_text_GDKtBM":{"type":"rich-text","blocks":{"heading_bQUiVW":{"type":"heading","settings":{"heading":"<strong>CRÉATIVITÉ, FAMILLE, HUMILITÉ, CONFIANCE ET AUDACE<\/strong>","heading_size":"h1"}}},"block_order":["heading_bQUiVW"],"settings":{"desktop_content_position":"center","content_alignment":"center","color_scheme":"","full_width":true,"padding_top":28,"padding_bottom":36}},"about_brand_WXbYhy":{"type":"About-Brand","settings":{"section_heading":"","section_text":"Chez AZOR, nous ne sommes pas simplement des créateurs de bijoux. Nous sommes des raconteurs d’histoires. Chaque pièce naît d’un souvenir, d’un geste transmis, d’une émotion ressentie. Et derrière chaque création, il y a des valeurs qui nous ressemblent. Des valeurs qui nous relient à nos racines, à notre communauté, à nos rêves.\n\nAvec le temps, ces piliers sont devenus plus clairs, plus solides. Aujourd’hui, nous avons envie de les partager avec vous, car ils sont au cœur de tout ce que nous faisons.","heading_font_size":14,"body_font_size":14,"heading_color":"#000000","text_color":"#000000","text_alignment":"center","content_alignment":"center","max_width":600}},"rich_text_3K7xXn":{"type":"rich-text","blocks":{"heading_gbNd3Q":{"type":"heading","settings":{"heading":"<strong>Explorer des territoires inconnus,<\/strong>","heading_size":"h1"}},"heading_zJwbj4":{"type":"heading","settings":{"heading":"<strong>Commencer de nouveaux voyages ou en terminer d'autres.<\/strong>","heading_size":"h1"}},"heading_6hRaeQ":{"type":"heading","settings":{"heading":"<strong>Aimer sans conditions, Être là les uns pour les autres.<\/strong>","heading_size":"h1"}}},"block_order":["heading_gbNd3Q","heading_zJwbj4","heading_6hRaeQ"],"disabled":true,"settings":{"desktop_content_position":"center","content_alignment":"center","color_scheme":"","full_width":true,"padding_top":40,"padding_bottom":52}},"rich_text_rzgjMw":{"type":"rich-text","blocks":{"heading_mcdRTe":{"type":"heading","disabled":true,"settings":{"heading":"La Créativité, comme un souffle sacré","heading_size":"h0"}},"text_N3tn4T":{"type":"text","settings":{"text":""}}},"block_order":["heading_mcdRTe","text_N3tn4T"],"settings":{"desktop_content_position":"center","content_alignment":"center","color_scheme":"","full_width":true,"padding_top":32,"padding_bottom":0}},"our_vision_pdpoala_drGybF":{"type":"our-vision-pdpoala","disabled":true,"settings":{"section_heading":"","vision_image":"shopify:\/\/shop_images\/WE_ARE_003_1024x1024_6c59ce11-a288-4fd0-838d-1534ae041666.gif","section_text":"La créativité construit des ponts invisibles : elle relie les pays, les cultures et les sous-cultures, et nous relie à nous-mêmes et aux autres. La créativité est synonyme d'exploration : elle déconstruit les schémas et les modes de pensée obsolètes et nous fait voir le monde avec un regard neuf.","heading_font_size":22,"body_font_size":12,"heading_color":"#000000","text_color":"#000000","text_alignment":"center","content_alignment":"center","max_width":600}},"rich_text_rdBLk6":{"type":"rich-text","blocks":{"heading_k4ayqx":{"type":"heading","settings":{"heading":"<strong>LA CRÉATIVITÉ REND L'INVISIBLE VISIBLE.<\/strong>","heading_size":"h0"}},"heading_HV8UiF":{"type":"heading","settings":{"heading":"<strong>LA CRÉATIVITÉ EST UNE TRANSFORMATION.<\/strong>","heading_size":"h0"}},"heading_Y3GTiG":{"type":"heading","settings":{"heading":"<strong>LA CRÉATIVITÉ EST NOTRE PASSÉ ET NOTRE AVENIR.<\/strong>","heading_size":"h0"}}},"block_order":["heading_k4ayqx","heading_HV8UiF","heading_Y3GTiG"],"disabled":true,"settings":{"desktop_content_position":"center","content_alignment":"center","color_scheme":"","full_width":true,"padding_top":0,"padding_bottom":100}},"rich_text_AHhgqt":{"type":"rich-text","blocks":{"heading_bY8qxG":{"type":"heading","settings":{"heading":"<strong>La Famille, au cœur de tout<\/strong>","heading_size":"h1"}}},"block_order":["heading_bY8qxG"],"settings":{"desktop_content_position":"center","content_alignment":"center","color_scheme":"","full_width":true,"padding_top":40,"padding_bottom":0}},"image_gallery_pdpoala_Mm7LTL":{"type":"image-gallery-pdpoala","settings":{"margin_top":0,"margin_bottom":0,"padding_vertical":16,"padding_horizontal":20,"gap":8,"border_radius":0,"columns_desktop":3,"image_1":"shopify:\/\/shop_images\/0W0A6475.png","image_2":"shopify:\/\/shop_images\/0W0A6498.png","image_3":"shopify:\/\/shop_images\/0W0A6475_-_Copy1.png"}},"about_brand_qUPyyY":{"type":"About-Brand","settings":{"section_heading":"","section_text":"AZOR, c’est une histoire de lien. Nous avons grandi dans un environnement où les valeurs familiales comptent : le respect, la transmission, le partage.\n\nCela se sent dans notre façon de travailler, dans nos relations, et dans les bijoux que nous créons.","heading_font_size":14,"body_font_size":21,"heading_color":"#000000","text_color":"#000000","text_alignment":"center","content_alignment":"center","max_width":600}},"rich_text_yHFMFx":{"type":"rich-text","blocks":{"heading_z7RQ6b":{"type":"heading","settings":{"heading":"<strong>LA FAMILLE EST CONFIANCE, CROISSANCE ET INSPIRATION.<\/strong>","heading_size":"h1"}},"heading_rEqLJP":{"type":"heading","settings":{"heading":"<strong>LA FAMILLE C'EST LA PROXIMITÉ.<\/strong>","heading_size":"h1"}},"heading_DAgzRh":{"type":"heading","settings":{"heading":"<strong>LA FAMILLE EST LE FONDEMENT DE AZOR.<\/strong>","heading_size":"h1"}}},"block_order":["heading_z7RQ6b","heading_rEqLJP","heading_DAgzRh"],"disabled":true,"settings":{"desktop_content_position":"center","content_alignment":"center","color_scheme":"","full_width":true,"padding_top":0,"padding_bottom":40}},"image_banner_9pXRmb":{"type":"image-banner","name":"t:sections.image-banner.presets.name","settings":{"image":"shopify:\/\/shop_images\/0W0A6498.png","image_overlay_opacity":0,"image_height":"medium","image_behavior":"none","desktop_content_position":"middle-center","desktop_content_alignment":"center","show_text_box":true,"color_scheme":"","stack_images_on_mobile":true,"mobile_content_alignment":"center","show_text_below":true}},"rich_text_iiRYjP":{"type":"rich-text","blocks":{"heading_yTDNdx":{"type":"heading","settings":{"heading":"<strong>L’Humilité, dans chaque geste<\/strong>","heading_size":"h1"}},"text_DG7BUj":{"type":"text","settings":{"text":""}}},"block_order":["heading_yTDNdx","text_DG7BUj"],"settings":{"desktop_content_position":"center","content_alignment":"center","color_scheme":"","full_width":true,"padding_top":20,"padding_bottom":0}},"about_brand_TqVrAD":{"type":"About-Brand","settings":{"section_heading":"","section_text":"Créer un bijou demande du temps, du soin et beaucoup d’écoute. Chez AZOR, on ne cherche pas la perfection, mais la justesse. On respecte chaque étape, chaque main qui façonne, chaque personne qui contribue. On avance avec simplicité et exigence.","heading_font_size":14,"body_font_size":16,"heading_color":"#000000","text_color":"#000000","text_alignment":"center","content_alignment":"center","max_width":1000}},"our_vision_pdpoala_U8YaGr":{"type":"our-vision-pdpoala","disabled":true,"name":"Our Vision Section","settings":{"section_heading":"","vision_image":"shopify:\/\/shop_images\/0W0A6487.png","section_text":"","heading_font_size":22,"body_font_size":16,"heading_color":"#000000","text_color":"#000000","text_alignment":"center","content_alignment":"center","max_width":800}},"rich_text_XR9kYt":{"type":"rich-text","blocks":{"heading_Kg8idJ":{"type":"heading","settings":{"heading":"<strong>L'humilité nous libère.<\/strong>","heading_size":"h1"}},"heading_K3bFNi":{"type":"heading","settings":{"heading":"<strong>L’humilité donne du pouvoir.<\/strong>","heading_size":"h1"}},"heading_YbUGdJ":{"type":"heading","settings":{"heading":"<strong>l'humblémence est notre mode de vie.<\/strong>","heading_size":"h1"}}},"block_order":["heading_Kg8idJ","heading_K3bFNi","heading_YbUGdJ"],"disabled":true,"settings":{"desktop_content_position":"center","content_alignment":"center","color_scheme":"","full_width":true,"padding_top":0,"padding_bottom":100}},"rich_text_RUAkzW":{"type":"rich-text","blocks":{"heading_M9PKjm":{"type":"heading","settings":{"heading":"<strong>La Confiance, tissée dans le temps<\/strong>","heading_size":"h0"}},"text_UHLAFa":{"type":"text","settings":{"text":""}}},"block_order":["heading_M9PKjm","text_UHLAFa"],"settings":{"desktop_content_position":"center","content_alignment":"center","color_scheme":"","full_width":true,"padding_top":100,"padding_bottom":0}},"our_vision_pdpoala_LKH7e3":{"type":"our-vision-pdpoala","disabled":true,"settings":{"section_heading":"","vision_image":"shopify:\/\/shop_images\/WE_ARE_006_1024x1024_e9c13b93-4116-4c34-af41-fada97f6e87f.gif","section_text":"Nos clientes et clients ne sont pas des numéros. Ce sont des personnes, avec des histoires, des envies, des attentes. Nous faisons tout pour être à la hauteur de cette confiance, avec honnêteté, écoute et transparence.","heading_font_size":14,"body_font_size":12,"heading_color":"#000000","text_color":"#000000","text_alignment":"center","content_alignment":"center","max_width":600}},"rich_text_WpnQXV":{"type":"rich-text","blocks":{"heading_X8GXAR":{"type":"heading","settings":{"heading":"<strong>LA CONFIANCE NOUS DONNE DE LA CLARTÉ.<\/strong>","heading_size":"h1"}},"heading_FmjG3W":{"type":"heading","settings":{"heading":"<strong>LA CONFIANCE EST BRUTE.<\/strong>","heading_size":"h1"}},"heading_b6XtKM":{"type":"heading","settings":{"heading":"<strong>LA CONFIANCE IMPLANTE TOUT CE QUE NOUS FAISONS.<\/strong>","heading_size":"h1"}}},"block_order":["heading_X8GXAR","heading_FmjG3W","heading_b6XtKM"],"disabled":true,"settings":{"desktop_content_position":"center","content_alignment":"center","color_scheme":"","full_width":true,"padding_top":0,"padding_bottom":100}},"rich_text_FmBTXC":{"type":"rich-text","blocks":{"heading_y8KMJ3":{"type":"heading","settings":{"heading":"<strong>L’Audace, en toute élégance<\/strong>","heading_size":"h0"}},"text_dtz4ab":{"type":"text","settings":{"text":""}}},"block_order":["heading_y8KMJ3","text_dtz4ab"],"settings":{"desktop_content_position":"center","content_alignment":"center","color_scheme":"","full_width":true,"padding_top":100,"padding_bottom":0}},"dual_banner_xfC8mi":{"type":"dual-banner","disabled":true,"settings":{"section_max_width":1400,"banners_gap":8,"left_image":"shopify:\/\/shop_images\/WE_ARE_007_01_1024x1024_d838b049-cea9-4e02-a940-d42fe399cd15.gif","left_heading":"","left_heading_color":"#ffffff","left_text":"","left_text_color":"#ffffff","left_button_text":"","left_button_link":"","left_button_color":"#ffffff","left_button_text_color":"#ffffff","right_bg_color":"#8b3e2f","show_necklaces":false,"pendant_text":"","right_image":"shopify:\/\/shop_images\/WE_ARE_007_02_1024x1024_2a40d4ed-fec6-461c-ac0e-1461a7bc95e2.jpg","right_heading":"","right_heading_color":"#ffffff","right_text":"","right_text_color":"#ffffff","right_button_text":"","right_button_link":"","right_button_color":"#ffffff","right_button_text_color":"#ffffff","show_chat_button":false}},"about_brand_CeJJyX":{"type":"About-Brand","settings":{"section_heading":"","section_text":"L’audace ne crie pas. Elle s’exprime avec finesse, dans un détail, une forme nouvelle, une idée sincère. Chez AZOR, nous aimons créer sans suivre les tendances, mais en suivant notre instinct. Oser, pour nous, c’est rester fidèle à ce que nous croyons beau, juste et vrai.","heading_font_size":14,"body_font_size":12,"heading_color":"#000000","text_color":"#000000","text_alignment":"center","content_alignment":"center","max_width":600}},"rich_text_EnLVym":{"type":"rich-text","blocks":{"heading_hYJeUJ":{"type":"heading","settings":{"heading":"<strong>L’AUDACE EST UN CATALYSEUR.<\/strong>","heading_size":"h1"}},"heading_3iwpGR":{"type":"heading","settings":{"heading":"<strong>L’AUDACE EST LA CLÉ DU CHANGEMENT.<\/strong>","heading_size":"h1"}},"heading_Wb4FcN":{"type":"heading","settings":{"heading":"<strong>L’AUDACE ALLUME NOTRE FLAMME.<\/strong>","heading_size":"h1"}}},"block_order":["heading_hYJeUJ","heading_3iwpGR","heading_Wb4FcN"],"disabled":true,"settings":{"desktop_content_position":"center","content_alignment":"center","color_scheme":"","full_width":true,"padding_top":0,"padding_bottom":100}}},"order":["main","rich_text_FWLyrN","image_gallery_pdpoala_LJrMjf","rich_text_GDKtBM","about_brand_WXbYhy","rich_text_3K7xXn","rich_text_rzgjMw","our_vision_pdpoala_drGybF","rich_text_rdBLk6","rich_text_AHhgqt","image_gallery_pdpoala_Mm7LTL","about_brand_qUPyyY","rich_text_yHFMFx","image_banner_9pXRmb","rich_text_iiRYjP","about_brand_TqVrAD","our_vision_pdpoala_U8YaGr","rich_text_XR9kYt","rich_text_RUAkzW","our_vision_pdpoala_LKH7e3","rich_text_WpnQXV","rich_text_FmBTXC","dual_banner_xfC8mi","about_brand_CeJJyX","rich_text_EnLVym"]}