{"sections":{"main":{"type":"main-page","disabled":true,"settings":{"padding_top":28,"padding_bottom":28}},"rich_text_kkTDLJ":{"type":"rich-text","blocks":{"heading_ihgEUA":{"type":"heading","settings":{"heading":"Guide des tailles de bague","heading_size":"h0"}},"text_dtyqQ6":{"type":"text","settings":{"text":""}}},"block_order":["heading_ihgEUA","text_dtyqQ6"],"settings":{"desktop_content_position":"center","content_alignment":"center","color_scheme":"","full_width":true,"padding_top":100,"padding_bottom":16}},"rich_text_Nhe88j":{"type":"rich-text","blocks":{"heading_Hn9y6h":{"type":"heading","settings":{"heading":"Trouvez votre taille parfaite","heading_size":"h1"}},"text_riKwf8":{"type":"text","settings":{"text":"<p>Choisir une bague est un moment vraiment spécial, que ce soit pour vous-même ou pour quelqu'un que vous chérissez. Chez Azor Jewelry, nous voulons que cette expérience soit inoubliable, et tout commence par trouver la bonne taille. Bien que les guides de tailles puissent sembler un peu standardisés, le nôtre est spécialement conçu pour vous aider à dénicher votre mesure exacte pour nos magnifiques créations en or 18 carats.<br\/><br\/>Pour vous assurer un ajustement parfait, nous vous proposons deux méthodes simples et fiables pour mesurer votre doigt depuis le confort de votre maison.<br\/><br\/><\/p>"}}},"block_order":["heading_Hn9y6h","text_riKwf8"],"name":"t:sections.rich-text.presets.name","settings":{"desktop_content_position":"center","content_alignment":"center","color_scheme":"","full_width":true,"padding_top":40,"padding_bottom":52}},"bracelet_sizesvideos_guide_kJiMLa":{"type":"bracelet-sizesvideos-guide","settings":{"heading":"Méthode 1 : Mesurer le diamètre d'une de vos bagues","description":"<p>Si vous possédez déjà une bague qui vous va parfaitement, c'est la méthode la plus simple.<\/p><ol><li>Prenez une règle ou un mètre ruban souple.<\/li><li>Mesurez le <strong>diamètre intérieur<\/strong> de la bague, d'un bord à l'autre, en millimètres. Assurez-vous de ne pas inclure les bords de la b'anneau.<\/li><li>Reportez-vous ensuite à notre tableau de correspondances ci-dessous pour trouver votre taille.<\/li><\/ol>","button_text":"","button_link":"","guide_image":"shopify:\/\/shop_images\/ring-measure.webp","external_video":"","min_size":14,"max_size":22,"size_increment":1,"margin_top":40,"margin_bottom":40}},"image_banner_dgegak":{"type":"image-banner","name":"t:sections.image-banner.presets.name","settings":{"image":"shopify:\/\/shop_images\/9_2_042c1431-bb28-4777-9ec6-c4119a7bf96e.png","image_overlay_opacity":0,"image_height":"adapt","image_behavior":"none","desktop_content_position":"middle-center","desktop_content_alignment":"center","show_text_box":true,"color_scheme":"","stack_images_on_mobile":true,"mobile_content_alignment":"center","show_text_below":true}},"rich_text_VqBm6t":{"type":"rich-text","blocks":{"heading_WhhTMk":{"type":"heading","settings":{"heading":"Méthode 2 : Utiliser une ficelle ou une bande de papier","heading_size":"h1"}},"text_6HC4r3":{"type":"text","settings":{"text":"<p>Comment mesurer votre taille de bague<\/p><p>Si vous n’avez pas de bague qui vous va, pas de panique. Voici une méthode simple et précise pour trouver votre taille :<\/p><p>Prenez une ficelle, un ruban ou une fine bande de papier, puis enroulez-la autour de la base de votre doigt, à l’endroit où vous porteriez la bague. Avec un stylo, marquez l’endroit où la ficelle ou le papier se chevauche. Ensuite, déroulez-la et mesurez la distance entre le début et la marque avec une règle.<\/p><p>Le résultat correspond à la circonférence de votre doigt en millimètres.<\/p><p>Correspondances des tailles de bagues Azor<\/p><p><br\/>Taille 48 : Diamètre intérieur 15,3 mm \/ Circonférence 48,0 mm<br\/><\/p><p><br\/>Taille 50 : Diamètre intérieur 15,9 mm \/ Circonférence 50,0 mm<br\/><\/p><p><br\/>Taille 52 : Diamètre intérieur 16,5 mm \/ Circonférence 52,0 mm<br\/><\/p><p><br\/>Taille 54 : Diamètre intérieur 17,2 mm \/ Circonférence 54,0 mm<br\/><\/p><p><br\/>Taille 56 : Diamètre intérieur 17,8 mm \/ Circonférence 56,0 mm<br\/><\/p><p><br\/>Taille 58 : Diamètre intérieur 18,5 mm \/ Circonférence 58,0 mm<br\/><\/p><p><br\/>Taille 60 : Diamètre intérieur 19,1 mm \/ Circonférence 60,0 mm<\/p>"}}},"block_order":["heading_WhhTMk","text_6HC4r3"],"name":"t:sections.rich-text.presets.name","settings":{"desktop_content_position":"center","content_alignment":"center","color_scheme":"","full_width":true,"padding_top":40,"padding_bottom":52}},"ring_sizing_tips_fUhaEc":{"type":"RING-SIZING-TIPS","blocks":{"tip_block_QrR4zT":{"type":"tip_block","settings":{"tip_title":"Mesurez en fin de journée","tip_description":"C'est le moment où vos doigts sont légèrement plus gonflés."}},"tip_block_KNpfna":{"type":"tip_block","settings":{"tip_title":"Évitez les températures extrêmes","tip_description":"Ne mesurez pas vos doigts s'ils sont trop froids ou trop chauds."}},"tip_block_cXPkkd":{"type":"tip_block","settings":{"tip_title":"Si vous êtes entre deux tailles","tip_description":"Toujours choisir une taille au-dessus pour un confort optimal."}}},"block_order":["tip_block_QrR4zT","tip_block_KNpfna","tip_block_cXPkkd"],"settings":{"main_heading":"Quelques astuces pour une mesure parfaite :","text_alignment":"center","background_color":"#faf7f2","heading_color":"#000000","content_color":"#333333","heading_font_size":25,"content_font_size":15,"padding_vertical":40,"padding_horizontal":20,"margin_top":20,"margin_bottom":20}},"pdpaola_grid_product_wEr4ax":{"type":"pdpaola-grid-product","settings":{"collection":"bagues-1","heading":"","heading_alignment":"center","section_width":"full","horizontal_padding":16,"background_color":"#ffffff","text_color":"#000000","button_background":"#f3f3f3","button_text_color":"#121212","add_to_cart_text":"Ajouter au panier","heading_font_size":24,"title_font_size":10,"price_font_size":10,"image_height":380,"add_to_cart_height":30}},"rich_text_nPdYY4":{"type":"rich-text","blocks":{"heading_kxUYLX":{"type":"heading","settings":{"heading":"PLUS DE GUIDES DE TAILLES","heading_size":"h1"}}},"block_order":["heading_kxUYLX"],"settings":{"desktop_content_position":"center","content_alignment":"center","color_scheme":"","full_width":true,"padding_top":16,"padding_bottom":16}},"dual_banner_TFVMDb":{"type":"dual-banner","settings":{"section_max_width":1400,"banners_gap":8,"left_image":"shopify:\/\/shop_images\/0108_1_1_.00_00_07_15.Still001.jpg","left_heading":"Taille du collier","left_heading_color":"#ffffff","left_text":"","left_text_color":"#ffffff","left_button_text":"Découvrir","left_button_link":"shopify:\/\/pages\/taille-du-collier","left_button_color":"#ffffff","left_button_text_color":"#ffffff","right_bg_color":"#8b3e2f","show_necklaces":false,"pendant_text":"","right_image":"shopify:\/\/shop_images\/MPCL5958_copy.png","right_heading":"Taille du bracelet","right_heading_color":"#ffffff","right_text":"","right_text_color":"#ffffff","right_button_text":"Découvrir","right_button_link":"shopify:\/\/pages\/taille-du-bracelet","right_button_color":"#ffffff","right_button_text_color":"#ffffff","show_chat_button":false}},"rich_text_EncHqi":{"type":"rich-text","blocks":{"heading_pHkbEM":{"type":"heading","settings":{"heading":"TOUJOURS INCERTAIN ?","heading_size":"h1"}},"text_HPJ6TC":{"type":"text","settings":{"text":"<p>Rendez-nous visite en <a href=\"\/pages\/atelier-azor\" title=\"Atelier Azor\">magasin<\/a> ou <a href=\"\/pages\/contact\" title=\"Contact\">contactez<\/a> notre équipe .<\/p>"}}},"block_order":["heading_pHkbEM","text_HPJ6TC"],"settings":{"desktop_content_position":"center","content_alignment":"center","color_scheme":"","full_width":true,"padding_top":16,"padding_bottom":56}}},"order":["main","rich_text_kkTDLJ","rich_text_Nhe88j","bracelet_sizesvideos_guide_kJiMLa","image_banner_dgegak","rich_text_VqBm6t","ring_sizing_tips_fUhaEc","pdpaola_grid_product_wEr4ax","rich_text_nPdYY4","dual_banner_TFVMDb","rich_text_EncHqi"]}