{"sections":{"main":{"type":"main-page","disabled":true,"settings":{"padding_top":28,"padding_bottom":28}},"rich_text_GkYXWY":{"type":"rich-text","blocks":{"heading_pA7KKB":{"type":"heading","settings":{"heading":"PROCESSE DE FABRICATION","heading_size":"h1"}},"text_THRpVY":{"type":"text","settings":{"text":"<p>Chaque pièce que nous créons nécessite au minimum une année entière, de la conception à la fabrication, jusqu'à votre porte.<br\/>Suivez le parcours de vos bijoux Azor.<\/p>"}}},"block_order":["heading_pA7KKB","text_THRpVY"],"settings":{"desktop_content_position":"center","content_alignment":"center","color_scheme":"","full_width":true,"padding_top":40,"padding_bottom":52}},"product_journey_RNjHdt":{"type":"product-journey","blocks":{"step_aAF94Q":{"type":"step","settings":{"image":"shopify:\/\/shop_images\/DESIGN.jpg","title":"Le processus de conception","description":"<p>Nous puisons notre inspiration partout, de la décoration d'intérieur à la sculpture, en passant par le luminaire et la céramique, et bien sûr, au sein de notre communauté.<br\/><br\/>Notre directeur artistique et notre responsable du design (et, le cas échéant, nos collaborateurs) nous proposent un concept, une esthétique et une ambiance qui inspireront l'orientation de notre collection. L'équipe de design s'inspire ensuite de ces idées pour créer des moodboards. Nous nous attelons ensuite aux croquis et rassemblons toutes nos idées en équipe pour décider des designs finaux que nous soumettrons à l'étape suivante : les échantillons.<\/p>","video":""}},"step_qtLx4t":{"type":"step","settings":{"image":"shopify:\/\/shop_images\/CADS.jpg","title":"Création de CAO","description":"<p>Une fois les conceptions initiales approuvées, nous les transformons en spécifications techniques grandeur nature, avec toutes les dimensions et tous les détails nécessaires à leur réalisation. Ces spécifications sont ensuite converties en CAO 3D afin que nous puissions les visualiser en trois dimensions.<br\/><br\/>De nombreux commentaires et modifications sont apportés aux CAO jusqu'à ce que nous soyons entièrement satisfaits. C'est à ce moment-là que nous entamons notre collaboration avec nos fournisseurs.<\/p>","video":""}},"step_PCW4at":{"type":"step","settings":{"image":"shopify:\/\/shop_images\/WAX_TREE.jpg","title":"Faire un moule","description":"<p>Une fois la CAO 3D imprimée, un moule en caoutchouc est ensuite réalisé afin que nous puissions l'utiliser comme maître pour toutes les pièces futures.<\/p>","video":""}},"step_wTGjrj":{"type":"step","settings":{"title":"L'arbre à cire","description":"<p>Nous utilisons ensuite ce moule pour réaliser des versions en cire qui sont fixées sur un arbre à cire, avant de les couler dans du métal massif.<\/p>","video":"https:\/\/cdn.shopify.com\/videos\/c\/o\/v\/0eba41c7bd0c45a18927910ab189907a.webm"}},"step_tEqK9f":{"type":"step","settings":{"image":"shopify:\/\/shop_images\/CASTING.jpg","title":"Coulée et limage de nos pièces","description":"<p>L'or et l'argent sont utilisés ici. Selon la pièce, le métal est coulé dans des moules grâce à notre machine de coulée.<br\/><br\/>Les bijoux sont ensuite découpés dans l'arbre et limés, et le surplus de métal est raffiné et réutilisé par nos soins. Chaque pièce est ensuite limée et polie jusqu'à ce qu'elle soit prête à passer à l'étape du placage.<\/p>","video":""}},"step_DMGNNU":{"type":"step","settings":{"image":"shopify:\/\/shop_images\/ASSEMBLING.jpg","title":"Assemblage et réglage","description":"<p>Nous accordons une grande importance au détail, et c'est à cette étape que nous « habillons » nos bijoux : assemblage, soudure des maillons, sertissage manuel des pierres ou fixation des fermoirs.<br\/><br\/>Si nos collections comportent des pièces en émail, nos usines les assortiront aux couleurs Pantone spécifiquement sélectionnées et les peindront à la main en interne.<\/p>","video":""}},"step_BMbJde":{"type":"step","settings":{"title":"Plaqué Or","description":"<p>Pionniers de la joaillerie fine, nous sommes experts en microplacage et fort de plus de 17 ans d'expérience, ce qui vous garantit une confiance totale.<br\/><br\/>Nos pièces en vermeil 18 carats sont plaquées micron (ou électrolytiquement) avec 2,5 microns d'or 18 carats sur argent sterling. Les pièces plaquées or plus grandes sont plaquées avec 2 microns d'or 18 carats sur laiton.<br\/><br\/>Nos pièces plaquées or ne sont ni plaquées flash, ni trempées, ni dorées. Elles sont recouvertes d'une épaisse couche d'or 18 carats pour garantir leur durabilité.<\/p>","video":"https:\/\/cdn.shopify.com\/videos\/c\/o\/v\/623ee2d9fd7e4708b30fec127abc7ee7.webm"}},"step_YC6mTK":{"type":"step","settings":{"title":"Contrôle de qualité","description":"<p>Tout ce que nous fabriquons est rigoureusement testé lors de notre processus de contrôle qualité – des échantillons de pré-production aux tests d'usure – afin de garantir sa conformité à nos normes élevées de qualité et de durabilité. Cela permet à notre communauté de continuer à aimer et à porter ses pièces pendant très longtemps.<br\/><br\/>Nous disposons également d'une équipe de contrôle qualité dédiée dans chaque usine, qui vérifie chaque pièce tout au long du processus de fabrication. Si elle obtient le feu vert, elle reçoit sa validation finale. Nos pièces sont à nouveau contrôlées à leur arrivée au Maroc.<\/p>","video":"https:\/\/cdn.shopify.com\/videos\/c\/o\/v\/b29b4a0828a849be971aac0663e4e8ff.webm"}}},"block_order":["step_aAF94Q","step_qtLx4t","step_PCW4at","step_wTGjrj","step_tEqK9f","step_DMGNNU","step_BMbJde","step_YC6mTK"],"settings":{"vertical_padding":20,"horizontal_padding_desktop":20,"horizontal_padding_mobile":16,"gap":20,"section_width":1200,"margin_top":0,"margin_bottom":0,"image_max_width":440,"heading_font_size":20,"text_font_size":15}},"dual_banner_tjdgJU":{"type":"dual-banner","settings":{"section_max_width":1400,"banners_gap":6,"left_image":"shopify:\/\/shop_images\/rn-image_picker_lib_temp_4518c941-9926-4068-aa4d-0da2faecfb68.jpg","left_heading":"Nouveautés","left_heading_color":"#ffffff","left_text":"","left_text_color":"#ffffff","left_button_text":"Découvrir","left_button_link":"shopify:\/\/collections\/nouveautes","left_button_color":"#ffffff","left_button_text_color":"#ffffff","right_bg_color":"#8b3e2f","show_necklaces":false,"pendant_text":"","right_image":"shopify:\/\/shop_images\/2222.jpg","right_heading":"Atelier Azor","right_heading_color":"#ffffff","right_text":"","right_text_color":"#ffffff","right_button_text":"Visistez-nous","right_button_link":"shopify:\/\/pages\/atelier-azor","right_button_color":"#ffffff","right_button_text_color":"#ffffff","show_chat_button":false}}},"order":["main","rich_text_GkYXWY","product_journey_RNjHdt","dual_banner_tjdgJU"]}