{"sections":{"main":{"type":"main-page","disabled":true,"settings":{"padding_top":28,"padding_bottom":28}},"rich_text_yihkbL":{"type":"rich-text","blocks":{"heading_yWGWex":{"type":"heading","settings":{"heading":"GUIDE DES TAILLES DE BRACELETS","heading_size":"h1"}},"text_RWaXmY":{"type":"text","settings":{"text":"<p><br\/>Pour que votre bracelet soit aussi confortable qu'élégant, il est essentiel de choisir la bonne taille. Ce guide vous aidera à mesurer votre poignet et à trouver l'ajustement parfait.<br\/><br\/><\/p>"}}},"block_order":["heading_yWGWex","text_RWaXmY"],"settings":{"desktop_content_position":"center","content_alignment":"center","color_scheme":"","full_width":true,"padding_top":88,"padding_bottom":28}},"image_banner_AGBdrC":{"type":"image-banner","name":"t:sections.image-banner.presets.name","settings":{"image":"shopify:\/\/shop_images\/20240417210342_11386.png","image_overlay_opacity":0,"image_height":"adapt","image_behavior":"none","desktop_content_position":"middle-center","desktop_content_alignment":"center","show_text_box":true,"color_scheme":"","stack_images_on_mobile":true,"mobile_content_alignment":"center","show_text_below":true}},"rich_text_bDREYe":{"type":"rich-text","blocks":{"heading_HWLXeP":{"type":"heading","settings":{"heading":"Les tailles de bracelets standards","heading_size":"h1"}},"text_q7Tbhr":{"type":"text","settings":{"text":"<p>Pour un confort optimal, ajoutez quelques centimètres à votre mesure de poignet, en fonction de l'ajustement désiré :<\/p><ul><li><strong>Pour un ajustement serré :<\/strong> Ajoutez 1 cm à la circonférence de votre poignet.<\/li><li><strong>Pour un ajustement confortable (standard) :<\/strong> Ajoutez 1,5 cm à la circonférence de votre poignet.<\/li><li><strong>Pour un ajustement lâche :<\/strong> Ajoutez 2 cm à la circonférence de votre poignet.<\/li><\/ul><p>Par exemple, si la circonférence de votre poignet est de 16 cm, un bracelet de 17,5 cm sera confortable.<\/p>"}}},"block_order":["heading_HWLXeP","text_q7Tbhr"],"name":"t:sections.rich-text.presets.name","settings":{"desktop_content_position":"center","content_alignment":"center","color_scheme":"","full_width":true,"padding_top":40,"padding_bottom":52}},"pdpaola_grid_product_kinGVB":{"type":"pdpaola-grid-product","disabled":true,"settings":{"collection":"bracelets","heading":"","heading_alignment":"center","section_width":"full","horizontal_padding":16,"background_color":"#ffffff","text_color":"#000000","button_background":"#f3f3f3","button_text_color":"#121212","add_to_cart_text":"Ajouter au panier","heading_font_size":24,"title_font_size":10,"price_font_size":10,"image_height":330,"add_to_cart_height":30}},"rich_text_yz9Xtd":{"type":"rich-text","blocks":{"heading_MazRNJ":{"type":"heading","settings":{"heading":"PLUS DE GUIDES DE TAILLES","heading_size":"h1"}}},"block_order":["heading_MazRNJ"],"settings":{"desktop_content_position":"center","content_alignment":"center","color_scheme":"","full_width":true,"padding_top":24,"padding_bottom":28}},"dual_banner_ptbwYY":{"type":"dual-banner","settings":{"section_max_width":1400,"banners_gap":8,"left_image":"shopify:\/\/shop_images\/55_98901c16-fa56-428c-80d5-aa7c256a04ac.jpg","left_heading":"Taille de la bague","left_heading_color":"#ffffff","left_text":"","left_text_color":"#ffffff","left_button_text":"Découvrir","left_button_link":"shopify:\/\/pages\/taille-de-la-bague","left_button_color":"#ffffff","left_button_text_color":"#ffffff","right_bg_color":"#8b3e2f","show_necklaces":false,"pendant_text":"","right_image":"shopify:\/\/shop_images\/0108_1_1_.00_00_07_15.Still001.jpg","right_heading":"Taille du collier","right_heading_color":"#ffffff","right_text":"","right_text_color":"#ffffff","right_button_text":"Découvrir","right_button_link":"shopify:\/\/pages\/taille-du-collier","right_button_color":"#ffffff","right_button_text_color":"#ffffff","show_chat_button":false}},"rich_text_LyQnpK":{"type":"rich-text","blocks":{"heading_tjDJUx":{"type":"heading","settings":{"heading":"TOUJOURS INCERTAIN ?","heading_size":"h1"}},"text_Vhkh3Q":{"type":"text","settings":{"text":"<p>Rendez-nous visite en <a href=\"\/pages\/atelier-azor\" title=\"Atelier Azor\">magasin<\/a> ou <a href=\"\/pages\/contact\" title=\"Contact\">contactez<\/a> notre équipe .<\/p>"}}},"block_order":["heading_tjDJUx","text_Vhkh3Q"],"settings":{"desktop_content_position":"center","content_alignment":"center","color_scheme":"","full_width":true,"padding_top":24,"padding_bottom":28}}},"order":["main","rich_text_yihkbL","image_banner_AGBdrC","rich_text_bDREYe","pdpaola_grid_product_kinGVB","rich_text_yz9Xtd","dual_banner_ptbwYY","rich_text_LyQnpK"]}