{"sections":{"main":{"type":"main-page","disabled":true,"settings":{"padding_top":28,"padding_bottom":28}},"rich_text_GkYXWY":{"type":"rich-text","blocks":{"heading_pA7KKB":{"type":"heading","settings":{"heading":"DURABILITÉ","heading_size":"h0"}},"text_THRpVY":{"type":"text","settings":{"text":"<p>Partagez des informations sur votre marque. Décrivez un produit, partagez des annonces ou souhaitez la bienvenue à vos clients dans votre boutique.<\/p>"}}},"block_order":["heading_pA7KKB","text_THRpVY"],"settings":{"desktop_content_position":"center","content_alignment":"center","color_scheme":"","full_width":true,"padding_top":40,"padding_bottom":52}}},"order":["main","rich_text_GkYXWY"]}