{"sections":{"main":{"type":"main-page","disabled":true,"settings":{"padding_top":28,"padding_bottom":28}},"rich_text_T7TtRW":{"type":"rich-text","blocks":{"heading_iVUV7r":{"type":"heading","settings":{"heading":"Des Histoires d'Or et d'Alliance","heading_size":"h1"}},"text_KL73Ft":{"type":"text","settings":{"text":"<p>Chez Azor, chaque création est une célébration de l’unique, de l’élégance et de l’émotion. C’est dans cette même vision que nous collaborons avec des marques et entreprises qui partagent notre passion pour l’exception et l’authenticité.<\/p><p>Que ce soit à l’occasion du 8 Mars, pour rendre hommage aux femmes inspirantes qui façonnent le monde, ou pour offrir un bijou porteur de sens à leurs équipes, nos partenaires nous font confiance pour concevoir des pièces qui racontent une histoire.<\/p>"}}},"block_order":["heading_iVUV7r","text_KL73Ft"],"settings":{"desktop_content_position":"center","content_alignment":"center","color_scheme":"","full_width":true,"padding_top":40,"padding_bottom":16}},"bracelet_sizesvideos_guide_QbKU9m":{"type":"bracelet-sizesvideos-guide","settings":{"heading":"mercedes-benz","description":"<p>Pour cette collaboration, nous avons imaginé et conçu des bijoux personnalisés en or, accompagnés d’un article éditorial mettant en lumière la valeur des femmes au sein de l’entreprise. Chaque collaboratrice a reçu une pièce signature, symbole de reconnaissance et d’élégance.<br\/><br\/><\/p>","button_text":"Download Our Guide","button_link":"","guide_image":"shopify:\/\/shop_images\/76cfdf53fbf490f456c9dec9b37384e4.jpg","external_video":"","min_size":14,"max_size":22,"size_increment":1,"margin_top":40,"margin_bottom":40}},"bracelet_sizesvideos_guide_jwdAGh":{"type":"bracelet-sizesvideos-guide","settings":{"heading":"banque populaire","description":"<p>Pour cette collaboration, nous avons imaginé et conçu des bijoux personnalisés en or, accompagnés d’un article éditorial mettant en lumière la valeur des femmes au sein de l’entreprise. Chaque collaboratrice a reçu une pièce signature, symbole de reconnaissance et d’élégance.<br\/><br\/><\/p>","button_text":"Download Our Guide","button_link":"","guide_image":"shopify:\/\/shop_images\/391384461_1100105040957159_3750889522237027596_n.jpg","external_video":"","min_size":14,"max_size":22,"size_increment":1,"margin_top":40,"margin_bottom":40}},"bracelet_sizesvideos_guide_PXgzJw":{"type":"bracelet-sizesvideos-guide","settings":{"heading":"Atiijariwafa bank","description":"<p>Pour cette collaboration, nous avons imaginé et conçu des bijoux personnalisés en or, accompagnés d’un article éditorial mettant en lumière la valeur des femmes au sein de l’entreprise. Chaque collaboratrice a reçu une pièce signature, symbole de reconnaissance et d’élégance.<br\/><br\/><\/p>","button_text":"Download Our Guide","button_link":"","guide_image":"shopify:\/\/shop_images\/images_1.png","external_video":"","min_size":14,"max_size":22,"size_increment":1,"margin_top":40,"margin_bottom":40}},"bracelet_sizesvideos_guide_3X7mDw":{"type":"bracelet-sizesvideos-guide","settings":{"heading":"wafa assurance","description":"<p>Pour cette collaboration, nous avons imaginé et conçu des bijoux personnalisés en or, accompagnés d’un article éditorial mettant en lumière la valeur des femmes au sein de l’entreprise. Chaque collaboratrice a reçu une pièce signature, symbole de reconnaissance et d’élégance.<br\/><br\/><\/p>","button_text":"Download Our Guide","button_link":"","guide_image":"shopify:\/\/shop_images\/wafa_assurance_2x_a24a31e9-a732-48c6-ad8e-6bab8c206b16.png","external_video":"","min_size":14,"max_size":22,"size_increment":1,"margin_top":40,"margin_bottom":40}},"bracelet_sizesvideos_guide_NaYT9U":{"type":"bracelet-sizesvideos-guide","settings":{"heading":"sanlam","description":"<p>Pour cette collaboration, nous avons imaginé et conçu des bijoux personnalisés en or, accompagnés d’un article éditorial mettant en lumière la valeur des femmes au sein de l’entreprise. Chaque collaboratrice a reçu une pièce signature, symbole de reconnaissance et d’élégance.<br\/><br\/><\/p>","button_text":"Download Our Guide","button_link":"","guide_image":"shopify:\/\/shop_images\/449723522_870126301808171_7253588146256098513_n.jpg","external_video":"","min_size":14,"max_size":22,"size_increment":1,"margin_top":40,"margin_bottom":40}},"bracelet_sizesvideos_guide_7AFxEt":{"type":"bracelet-sizesvideos-guide","settings":{"heading":"mdjs","description":"<p>Pour cette collaboration, nous avons imaginé et conçu des bijoux personnalisés en or, accompagnés d’un article éditorial mettant en lumière la valeur des femmes au sein de l’entreprise. Chaque collaboratrice a reçu une pièce signature, symbole de reconnaissance et d’élégance.<br\/><br\/><\/p>","button_text":"Download Our Guide","button_link":"","guide_image":"shopify:\/\/shop_images\/449760558_1195775331561420_4331416211974104788_n.jpg","external_video":"","min_size":14,"max_size":22,"size_increment":1,"margin_top":40,"margin_bottom":40}},"bracelet_sizesvideos_guide_EFyeJ7":{"type":"bracelet-sizesvideos-guide","settings":{"heading":"ADD agence de développement digital","description":"<p>Pour cette collaboration, nous avons imaginé et conçu des bijoux personnalisés en or, accompagnés d’un article éditorial mettant en lumière la valeur des femmes au sein de l’entreprise. Chaque collaboratrice a reçu une pièce signature, symbole de reconnaissance et d’élégance.<br\/><br\/><\/p>","button_text":"Download Our Guide","button_link":"","guide_image":"shopify:\/\/shop_images\/channels4_profile.jpg","external_video":"","min_size":14,"max_size":22,"size_increment":1,"margin_top":40,"margin_bottom":40}},"bracelet_sizesvideos_guide_R4dwym":{"type":"bracelet-sizesvideos-guide","settings":{"heading":"maroc pme","description":"<p>Pour cette collaboration, nous avons imaginé et conçu des bijoux personnalisés en or, accompagnés d’un article éditorial mettant en lumière la valeur des femmes au sein de l’entreprise. Chaque collaboratrice a reçu une pièce signature, symbole de reconnaissance et d’élégance.<br\/><br\/><\/p>","button_text":"Download Our Guide","button_link":"","guide_image":"shopify:\/\/shop_images\/449769950_1399410264070002_680295189046147649_n.jpg","external_video":"","min_size":14,"max_size":22,"size_increment":1,"margin_top":40,"margin_bottom":40}},"rich_text_CdLte3":{"type":"rich-text","blocks":{"heading_FCK37b":{"type":"heading","settings":{"heading":"<strong>Envie de créer l’exception à vos côtés ?<\/strong>","heading_size":"h1"}},"text_qiY9NA":{"type":"text","settings":{"text":"<p>Offrez à vos collaborateurs une expérience précieuse et mémorable avec une pièce de joaillerie pensée sur-mesure, symbole de reconnaissance et d’élégance.   <a href=\"\/pages\/contact\" title=\"Contact\">Contactez-nous.<\/a><\/p>"}}},"block_order":["heading_FCK37b","text_qiY9NA"],"settings":{"desktop_content_position":"center","content_alignment":"center","color_scheme":"","full_width":true,"padding_top":0,"padding_bottom":100}}},"order":["main","rich_text_T7TtRW","bracelet_sizesvideos_guide_QbKU9m","bracelet_sizesvideos_guide_jwdAGh","bracelet_sizesvideos_guide_PXgzJw","bracelet_sizesvideos_guide_3X7mDw","bracelet_sizesvideos_guide_NaYT9U","bracelet_sizesvideos_guide_7AFxEt","bracelet_sizesvideos_guide_EFyeJ7","bracelet_sizesvideos_guide_R4dwym","rich_text_CdLte3"]}