{"sections":{"main":{"type":"main-page","disabled":true,"settings":{"padding_top":28,"padding_bottom":28}},"rich_text_QYr6pD":{"type":"rich-text","blocks":{"heading_eEiVrf":{"type":"heading","settings":{"heading":"LES ESSENTIELS DU QUOTIDIEN","heading_size":"h1"}},"text_r37yrz":{"type":"text","settings":{"text":"<p>Découvrez notre collection de basiques du quotidien pour un style de bijoux simple. Des colliers à chaîne et créoles aux bagues et bracelets à superposer, ces pièces incontournables sont si élégantes que vous ne voudrez plus les quitter.<\/p>"}}},"block_order":["heading_eEiVrf","text_r37yrz"],"settings":{"desktop_content_position":"center","content_alignment":"center","color_scheme":"","full_width":true,"padding_top":56,"padding_bottom":52}},"category_navigation_Cb7qFb":{"type":"category-navigation","blocks":{"category_qzejw7":{"type":"category","settings":{"title":"NOUVEAUTÉS","link":"shopify:\/\/collections\/nouveautes"}},"category_CRV6gN":{"type":"category","settings":{"title":"TOP 20","link":"shopify:\/\/collections\/top-20"}},"category_UzG8kR":{"type":"category","settings":{"title":"BAGUES","link":"shopify:\/\/collections\/bagues-1"}},"category_dhypJy":{"type":"category","settings":{"title":"BOUCLES","link":"shopify:\/\/collections\/boucles"}},"category_P7wTV7":{"type":"category","settings":{"title":"BRACELETS","link":"shopify:\/\/collections\/bracelets"}},"category_xhGxUg":{"type":"category","settings":{"title":"CADEAUX À MOINS DE 1000 MAD","link":"shopify:\/\/collections\/cadeaux-a-moins-de-1000-mad"}},"category_DWQ7xe":{"type":"category","settings":{"title":"POUR ELLE","link":"shopify:\/\/collections\/cadeaux-pour-elle"}},"category_yx8Li8":{"type":"category","settings":{"title":"MINI BOUCLES","link":"shopify:\/\/collections\/mini-boucles"}}},"block_order":["category_qzejw7","category_CRV6gN","category_UzG8kR","category_dhypJy","category_P7wTV7","category_xhGxUg","category_DWQ7xe","category_yx8Li8"],"settings":{"background_color":"#ffffff","max_width":1440,"gap":12,"button_height":40,"button_padding":20,"mobile_button_height":36,"mobile_button_padding":16,"button_background":"#ffffff","button_hover_background":"#f5f5f5","text_color":"#000000","text_hover_color":"#000000","border_color":"#e5e5e5","border_hover_color":"#e5e5e5","arrow_background":"#ffffff","arrow_hover_background":"#f5f5f5","arrow_color":"#000000","arrow_hover_color":"#000000","show_dots":false,"dot_size":8,"mobile_dot_size":6,"dot_color":"#000000","dot_active_color":"#000000","font_family":"'Helvetica Neue', Helvetica, Arial, sans-serif","font_size":14,"mobile_font_size":13,"font_weight":"400"}},"jf_col_YmNAtj":{"type":"jf-col","settings":{"collection_handle":"toute-la-joaillerie","products_per_page":48,"enable_filtering":true,"enable_load_more":false,"disable_load_more_after_loading":false,"page_width":1200,"body_font":"","text_color":"#333333","link_color":"#000000","header_alignment":"left","heading_font":"","heading_size":24,"heading_size_mobile":20,"heading_weight":"300","heading_color":"#000000","heading_letter_spacing":0,"heading_margin_bottom":10,"heading_margin_bottom_mobile":5,"header_padding_top":40,"header_padding_bottom":30,"header_padding_top_mobile":20,"header_padding_bottom_mobile":20,"description_size":16,"description_size_mobile":14,"container_gap":40,"columns_desktop":3,"columns_mobile":2,"grid_gap":30,"grid_gap_mobile":15,"card_margin_bottom":0,"product_title_font":"","product_title_size":14,"product_title_size_mobile":13,"product_title_weight":"500","product_title_color":"#000000","product_title_letter_spacing":0,"product_price_font":"","product_price_size":14,"product_price_size_mobile":13,"product_price_weight":"400","product_price_color":"#666666","new_arrival_tag":"New Arrival","new_arrival_text":"New Arrival","product_tag_font":"","product_tag_size":12,"product_tag_size_mobile":11,"product_tag_color":"#999999","product_tag_margin_top":0,"image_size":"600x600","image_crop":"center","image_aspect_ratio":"1\/1","image_fit":"cover","product_bg_color":"#f5f5f5","image_margin_bottom":10,"filter_width":150,"filter_sticky":true,"filter_sticky_top":20,"filter_title_font":"","filter_title_color":"#000000","filter_title_size":14,"filter_title_weight":"600","filter_title_letter_spacing":0.5,"filter_option_font":"","filter_option_color":"#666666","filter_option_size":14,"filter_active_color":"#000000","mobile_filter_bg":"#ffffff","mobile_filter_color":"#000000","mobile_filter_border":"#dddddd","load_more_text":"Load More","load_more_font":"","load_more_size":14,"load_more_size_mobile":14,"load_more_weight":"400","load_more_letter_spacing":0,"load_more_width":400,"load_more_margin_top":40,"load_more_padding_vertical":15,"load_more_padding_horizontal":20,"load_more_padding_vertical_mobile":10,"load_more_padding_horizontal_mobile":15,"load_more_bg":"rgba(0,0,0,0)","load_more_color":"#000000","load_more_border_color":"#000000","load_more_border_width":1,"load_more_hover_bg":"#000000","load_more_hover_color":"#ffffff","show_full_description":false,"description_margin_top":60,"full_description_size":16,"full_description_line_height":1.6,"full_description":"<p>When it comes to adorning your ears with elegance and style, nothing quite matches the timeless appeal of hoop earrings. At Jennifer Fisher, we offer an elevated selection of women's hoop earrings that will undoubtedly enhance your style. Whether you're a fan of large hoop earrings, small hoops or huggie hoop styles, we have something special for you.<\/p><p>Our diverse range of hoop earrings caters to every style preference. From the subtle allure of small hoops to a bold statement made by large hoop earrings, our earrings will accentuate your unique style and elevate your fashion game. And for those seeking a modern flair, our ear cuff option offers a striking alternative to traditional earrings, allowing you to stand out with sophistication.<\/p><p>Our collection of gold, rose gold and silver hoop earrings is sure to captivate you. Made from 14k gold and white gold plated brass, these hoops are versatile and perfect for women who appreciate everyday wear jewelry that never goes out of style. For those seeking the perfect balance of simplicity and sophistication, our classic hoop designs are a must-have. Whether you're dressing up for a special occasion or elevating your daily attire, our gold and silver hoop earrings are the perfect choice.<\/p><p>Explore our wide range of women's hoop earrings, from large hoops to small hoops, and more. Incorporate a piece of Jennifer Fisher's hoop earrings into your collection, and you'll experience the magic of timeless elegance. Shop all our styles now and discover the perfect hoops to compliment your look.<\/p>"}}},"order":["main","rich_text_QYr6pD","category_navigation_Cb7qFb","jf_col_YmNAtj"]}