{"sections":{"main":{"type":"main-page","disabled":true,"settings":{"padding_top":28,"padding_bottom":28}},"hero_banner_Pzy3DX":{"type":"hero-banner","settings":{"section_height":650,"section_max_width":1600,"margin_top":0,"margin_bottom":0,"padding_horizontal":0,"hero_image":"shopify:\/\/shop_images\/WE_ARE_001_04_1024x1024_aef1cd2b-b390-43d6-bead-21f2e3142ce1.jpg","image_link":"","enable_image_zoom":false,"heading":"","heading_size":48,"subheading":"","subheading_size":12,"bottom_link":"","bottom_link_text":"","content_position_x":"left","content_position_y":"bottom","content_padding":20,"button_link":"","button_text":"","mobile_height":500,"mobile_heading_size":32}},"customer_services_FyYPhJ":{"type":"customer-services","blocks":{"hours_7CqmXq":{"type":"hours","settings":{"day":"Lundi","hours":"9h - 16h"}},"hours_AJU7UX":{"type":"hours","settings":{"day":"Mardi","hours":"9h - 16h"}},"hours_FVMii9":{"type":"hours","settings":{"day":"Mercredi","hours":"9h - 16h"}},"hours_JQiwnY":{"type":"hours","settings":{"day":"Jeudi","hours":"9h - 16h"}},"hours_pLRXFN":{"type":"hours","settings":{"day":"Vendredi","hours":"9h - 16h"}}},"block_order":["hours_7CqmXq","hours_AJU7UX","hours_FVMii9","hours_JQiwnY","hours_pLRXFN"],"settings":{"section_padding_top":40,"section_padding_bottom":40,"background_color":"#ffffff","menu_heading":"RESSOURCES","menu_font_family":"roboto_n4","menu_font_size":14,"menu_heading_size":24,"menu_heading_margin":20,"menu_heading_weight":"600","menu_heading_color":"#000000","menu_text_color":"#000000","menu_link_color":"#666666","menu_link_padding":8,"footer_menu":"ressources","overview_heading":"","overview_text":"Notre service client est disponible du lundi au vendredi, de 9h à 16h. Nous nous efforçons de répondre à chaque demande dans les 24 heures.","content_font_family":"helvetica_n4","content_heading_size":24,"content_heading_margin":20,"content_heading_weight":"600","content_heading_color":"#000000","content_text_color":"#666666","content_text_size":16,"content_line_height":1.5,"email_heading":"Email","email_address":"azorjewelry@gmail.com","phone_heading":"Telephone","phone_number":"+212 522315959","hours_heading":"Horaires du service client","subheading_size":16,"subheading_margin":5,"subheading_color":"#000000","contact_link_color":"#666666","contact_text_size":16,"hours_text_size":14,"hours_text_color":"#666666","mobile_divider_color":"#e5e5e5"}},"dual_banner_BgeGzy":{"type":"dual-banner","settings":{"section_max_width":1400,"banners_gap":8,"left_image":"shopify:\/\/shop_images\/STORE_PAGES_WELDING.jpg","left_heading":"AZOR SERVICES","left_heading_color":"#ffffff","left_text":"Profitez de nos expériences exclusives en magasin.","left_text_color":"#ffffff","left_button_text":"Découvrir","left_button_link":"shopify:\/\/pages\/services","left_button_color":"#ffffff","left_button_text_color":"#ffffff","right_bg_color":"#8b3e2f","show_necklaces":false,"pendant_text":"","right_image":"shopify:\/\/shop_images\/2222.jpg","right_heading":"ATELIER AZOR","right_heading_color":"#ffffff","right_text":"Profitez de nos expériences exclusives en magasin.","right_text_color":"#ffffff","right_button_text":"Visitez-Nous","right_button_link":"shopify:\/\/pages\/atelier-azor","right_button_color":"#ffffff","right_button_text_color":"#ffffff","show_chat_button":false}}},"order":["main","hero_banner_Pzy3DX","customer_services_FyYPhJ","dual_banner_BgeGzy"]}