{"sections":{"main":{"type":"main-page","disabled":true,"settings":{"padding_top":28,"padding_bottom":28}},"rich_text_YBE8XK":{"type":"rich-text","blocks":{"heading_PUKHpc":{"type":"heading","settings":{"heading":"Guide des Tailles pour Colliers","heading_size":"h1"}}},"block_order":["heading_PUKHpc"],"settings":{"desktop_content_position":"center","content_alignment":"center","color_scheme":"","full_width":true,"padding_top":100,"padding_bottom":24}},"bracelet_sizesvideos_guide_wTqPdA":{"type":"bracelet-sizesvideos-guide","settings":{"heading":"Pour vous aider à choisir la longueur idéal","description":"<h4>Comment mesurer la longueur idéale pour vous<\/h4><p><\/p><ol><li>Prenez une ficelle ou un ruban et enroulez-le autour de votre cou.<\/li><li>Ajustez la ficelle pour qu'elle tombe exactement à l'endroit où vous souhaitez que votre collier repose.<\/li><li>Marquez cet endroit sur la ficelle avec un stylo.<\/li><li>Déroulez la ficelle et mesurez sa longueur avec une règle. Cette mesure en centimètres est la longueur de collier qui vous conviendra le mieux.<\/li><\/ol><p><\/p><h4>Les longueurs de colliers standards<\/h4><p><\/p><ul><li><strong>Ras du cou (35-40 cm) :<\/strong> Repose à la base du cou, idéal pour les cols ouverts et les décolletés.<\/li><li><strong>Princesse (40-45 cm) :<\/strong> C'est la longueur la plus courante. Il tombe sur les clavicules et se porte avec presque tous les types de vêtements.<\/li><li><strong>Matinée (50-60 cm) :<\/strong> Plus long que le collier princesse, il tombe sous la clavicule et au-dessus de la poitrine. Il est parfait pour mettre en valeur un pendentif.<\/li><li><strong>Sautoir (70 cm et plus) :<\/strong> Ce sont de longs colliers qui pendent en dessous de la poitrine, allongeant la silhouette.<\/li><\/ul>","button_text":"","button_link":"","guide_image":"shopify:\/\/shop_images\/guide_taille_collier.jpg","external_video":"","min_size":14,"max_size":22,"size_increment":1,"margin_top":40,"margin_bottom":40}},"rich_text_WyB9jA":{"type":"rich-text","blocks":{"heading_XjYLR9":{"type":"heading","settings":{"heading":"PLUS DE GUIDES DE TAILLES","heading_size":"h1"}}},"block_order":["heading_XjYLR9"],"settings":{"desktop_content_position":"center","content_alignment":"center","color_scheme":"","full_width":true,"padding_top":40,"padding_bottom":40}},"dual_banner_HDaYRt":{"type":"dual-banner","settings":{"section_max_width":1400,"banners_gap":8,"left_image":"shopify:\/\/shop_images\/55_98901c16-fa56-428c-80d5-aa7c256a04ac.jpg","left_heading":"Taille de la bague","left_heading_color":"#ffffff","left_text":"","left_text_color":"#ffffff","left_button_text":"Découvrir","left_button_link":"shopify:\/\/pages\/taille-de-la-bague","left_button_color":"#ffffff","left_button_text_color":"#ffffff","right_bg_color":"#8b3e2f","show_necklaces":false,"pendant_text":"","right_image":"shopify:\/\/shop_images\/MPCL5958_copy_a996310d-2e12-4d79-95f4-391b3b69d839.png","right_heading":"Taille du bracelet","right_heading_color":"#ffffff","right_text":"","right_text_color":"#ffffff","right_button_text":"Découvrir","right_button_link":"shopify:\/\/pages\/taille-du-bracelet","right_button_color":"#ffffff","right_button_text_color":"#ffffff","show_chat_button":false}},"rich_text_F9LQCx":{"type":"rich-text","blocks":{"heading_VDLkVV":{"type":"heading","settings":{"heading":"TOUJOURS INCERTAIN ?","heading_size":"h1"}},"text_F6k4et":{"type":"text","settings":{"text":"<p>Rendez-nous visite en <a href=\"\/pages\/atelier-azor\" title=\"Atelier Azor\">magasin<\/a> ou <a href=\"\/pages\/contact\" title=\"Contact\">contactez<\/a> notre équipe .<\/p>"}}},"block_order":["heading_VDLkVV","text_F6k4et"],"settings":{"desktop_content_position":"center","content_alignment":"center","color_scheme":"","full_width":true,"padding_top":40,"padding_bottom":40}}},"order":["main","rich_text_YBE8XK","bracelet_sizesvideos_guide_wTqPdA","rich_text_WyB9jA","dual_banner_HDaYRt","rich_text_F9LQCx"]}