{"sections":{"main":{"type":"main-page","disabled":true,"settings":{"padding_top":28,"padding_bottom":28}},"dual_banner_HKKDQk":{"type":"dual-banner","settings":{"section_max_width":1400,"banners_gap":8,"left_image":"shopify:\/\/shop_images\/WE_ARE_005_01_1024x1024_7e4e8d58-1565-44d8-81f2-c21280516a34.gif","left_heading":"","left_heading_color":"#FFFFFF","left_text":"","left_text_color":"#FFFFFF","left_button_text":"","left_button_link":"","left_button_color":"#FFFFFF","left_button_text_color":"#FFFFFF","right_bg_color":"#8B3E2F","show_necklaces":false,"pendant_text":"","right_image":"shopify:\/\/shop_images\/WE_ARE_003_1024x1024_6c59ce11-a288-4fd0-838d-1534ae041666.gif","right_heading":"","right_heading_color":"#FFFFFF","right_text":"","right_text_color":"#FFFFFF","right_button_text":"","right_button_link":"","right_button_color":"#FFFFFF","right_button_text_color":"#FFFFFF","show_chat_button":false}},"missoma_faqs_style_HkC668":{"type":"missoma-faqs-style","blocks":{"faq_item_CJ6fqH":{"type":"faq_item","settings":{"question":"Quelles données personnelles sont collectées ?","answer":"Nous collectons les catégories d'informations personnelles suivantes via le Site :\n\nles coordonnées que vous nous avez fournies, telles que votre nom, votre adresse postale, votre numéro de téléphone et votre adresse e-mail ;\nvotre date de naissance et votre date d'anniversaire,\nvos identifiants de connexion (si vous êtes inscrit) ;\nles informations personnelles incluses dans le contenu que vous fournissez ;\nles informations de paiement, telles que les informations de carte de paiement ;\nles informations d'achat et de transaction (y compris les numéros de série pour l'enregistrement de la montre) ; et les données de trafic via des moyens de traitement automatisés (tels que les cookies).\n\n\nVous n'êtes généralement pas tenu de nous fournir des informations personnelles, mais dans certains cas, nous ne pourrons pas vous fournir les produits ou services demandés si vous choisissez de ne pas le faire. \n\n\nPar exemple, vous ne pourrez pas acheter de produits chez nous si vous ne fournissez pas vos informations de paiement ou votre adresse de livraison."}},"faq_item_KQVMi9":{"type":"faq_item","settings":{"question":"comment nous utilisons les informations que nous collectons ?","answer":"Nous traiterons les informations décrites ci-dessus pour fournir des produits et services ; créer et gérer votre compte ; vous envoyer des catalogues et autres supports promotionnels ; communiquer avec vous au sujet de, et administrer votre participation à, des événements spéciaux, des programmes, des offres, des enquêtes et des études de marché ; répondre à vos demandes de renseignements ; effectuer des analyses de données (y compris des analyses Web) ; exploiter, évaluer et améliorer notre entreprise (y compris le développement de nouveaux produits et services ; l'amélioration et l'amélioration de nos produits et services ; et l'exécution de la comptabilité, de l'audit et d'autres fonctions internes) ; protéger contre, identifier et prévenir la fraude et autres activités illégales, réclamations et autres responsabilités ; se conformer et appliquer les exigences légales applicables, les normes industrielles pertinentes et nos politiques ; personnaliser vos visites sur le Site ; et fournir du contenu (y compris de la publicité) adapté à vos intérêts."}},"faq_item_wy7PAc":{"type":"faq_item","settings":{"question":"comment nous protégeons vos données ?","answer":"Nous veillons à ce que vos données personnelles soient protégées par des mesures de sécurité appropriées afin d'éviter toute perte accidentelle, utilisation non autorisée, altération ou divulgation. De plus, nous ne partageons vos données personnelles qu'avec les employés ou tiers qui en ont besoin pour des raisons professionnelles. Ces personnes et entités sont soumises à des obligations de confidentialité et ne traiteront vos données que selon nos instructions."}},"faq_item_KpBf4R":{"type":"faq_item","settings":{"question":"combien de temps conservons-nous les informations que nous collectons ?","answer":"Nous conservons vos informations personnelles aussi longtemps que nécessaire aux fins pour lesquelles nous les avons obtenues, ce qui signifie généralement pendant la durée de notre relation ou aussi longtemps que vous gardez votre compte ouvert avec nous, plus une période raisonnable pour prendre en compte le délai de prescription applicable ou pour se conformer à la loi applicable obligatoire."}},"faq_item_mitqNz":{"type":"faq_item","settings":{"question":"comment nous partageons les informations que nous collectons ?","answer":"Seul le personnel autorisé de la Société, de ses filiales et de nos prestataires de services aura accès à vos informations personnelles.\nNous ne partagerons pas, sans votre consentement, vos informations personnelles avec des tiers (tels que des fournisseurs de bases de données) afin que ces derniers commercialisent leurs produits ou services.\n\n\nCertains membres de notre personnel (notamment nos équipes informatique et marketing) et nos prestataires de services sont basés au Maroc. Ils auront accès à vos informations pour les finalités décrites ci-dessus ou pour fournir des services à la Société.\nNous partageons également vos informations personnelles avec nos prestataires de services, qui sont tenus de les traiter uniquement conformément à nos instructions et de garantir la sécurité des informations. \n\nNos prestataires de services comprennent des fournisseurs d'hébergement et de plateformes web, des prestataires de services de paiement, des partenaires de livraison et notre fournisseur de plateforme de gestion de la relation client."}},"faq_item_Ewzqzb":{"type":"faq_item","settings":{"question":"modifications de notre politique de confidentialité ?","answer":"Nous nous réservons le droit de modifier cette Politique de confidentialité à tout moment. Toute modification substantielle que nous pourrions y apporter sera mise à jour dans la section Confidentialité et sécurité de notre site. Veuillez la consulter régulièrement pour rester informé."}}},"block_order":["faq_item_CJ6fqH","faq_item_KQVMi9","faq_item_wy7PAc","faq_item_KpBf4R","faq_item_mitqNz","faq_item_Ewzqzb"],"settings":{"faq_heading":"POLITIQUE DE CONFIDENTIALITÉ","heading_color":"#000000","heading_font":"FUTURA","heading_size":32,"question_color":"#000000","question_font":"roboto","question_size":18,"answer_color":"#333333","answer_font":"Arial","answer_size":16}},"rich_text_Gz4VeX":{"type":"rich-text","blocks":{"heading_aid8TM":{"type":"heading","settings":{"heading":"AVEZ-VOUS ENCORE DES QUESTIONS","heading_size":"h1"}},"text_iDnj78":{"type":"text","settings":{"text":"<p>Pour plus de détails, veuillez consulter notre<a href=\"\/pages\/faq\" title=\"Faq\"> FAQ<\/a>.<br\/><br\/><\/p>"}}},"block_order":["heading_aid8TM","text_iDnj78"],"settings":{"desktop_content_position":"center","content_alignment":"center","color_scheme":"","full_width":true,"padding_top":40,"padding_bottom":52}}},"order":["main","dual_banner_HKKDQk","missoma_faqs_style_HkC668","rich_text_Gz4VeX"]}