{"sections":{"main":{"type":"main-page","disabled":true,"settings":{"padding_top":28,"padding_bottom":28}},"rich_text_QYr6pD":{"type":"rich-text","blocks":{"heading_eEiVrf":{"type":"heading","settings":{"heading":"LA BOUTIQUE DE CERCEAU","heading_size":"h1"}},"text_r37yrz":{"type":"text","settings":{"text":"<p>Tous les indispensables pour vos oreilles. Découvrez toutes sortes de créoles pour tous les styles avec les NOUVELLES créoles rondes de notre collection de bijoux sculpturaux.<\/p>"}}},"block_order":["heading_eEiVrf","text_r37yrz"],"settings":{"desktop_content_position":"center","content_alignment":"center","color_scheme":"","full_width":true,"padding_top":64,"padding_bottom":12}},"jewelry_categories_bmihVN":{"type":"jewelry-categories","blocks":{"category_abicUM":{"type":"category","settings":{"category_title":"Azule Boucles","button_text":"Découvrir","button_link":"shopify:\/\/collections\/azule-boucles","background_image":"shopify:\/\/shop_images\/CLASSIC.jpg","placeholder_color":"#f5f5f5","overlay_opacity":0,"text_color":"#ffffff"}},"category_HXCGPt":{"type":"category","settings":{"category_title":"Mini Boucles","button_text":"Découvrir","button_link":"shopify:\/\/collections\/mini-boucles","background_image":"shopify:\/\/shop_images\/GOLD_43c4529e-493b-488a-9422-d4775e98dd7e.jpg","placeholder_color":"#f5f5f5","overlay_opacity":0,"text_color":"#ffffff"}},"category_ytGEQ6":{"type":"category","settings":{"category_title":"Boucles Classiques","button_text":"Découvrir","button_link":"shopify:\/\/collections\/boucles-classiques","background_image":"shopify:\/\/shop_images\/MINI_c5fdf34e-5f18-48e8-bb6d-2f7ab316f3d9.jpg","placeholder_color":"#f5f5f5","overlay_opacity":0,"text_color":"#ffffff"}}},"block_order":["category_abicUM","category_HXCGPt","category_ytGEQ6"],"settings":{"max_width":1600,"margin_top":0,"margin_bottom":0,"padding_horizontal":5,"grid_gap":5,"columns_desktop":3,"columns_mobile":"1","image_height_desktop":500,"image_height_mobile":250,"image_border_radius":0,"add_box_shadow":false,"shadow_opacity":0.2,"shadow_vertical_offset":4,"shadow_blur":10,"text_alignment":"left","content_padding":10,"heading_size_desktop":19,"heading_size_mobile":14,"heading_font_weight":"700","heading_letter_spacing":0,"button_size_desktop":12,"button_size_mobile":10,"button_font_weight":"400","button_letter_spacing":0,"mobile_layout":"grid","show_arrows":true,"show_dots":true,"arrow_color":"#ffffff","arrow_background":"#000000","dot_color":"#000000","show_chat_button":false,"chat_button_label":"Chat with us","chat_button_color":"#000000","chat_button_text_color":"#ffffff"}},"pdpaola_grid_product_p8Ebwh":{"type":"pdpaola-grid-product","settings":{"collection":"boucles","heading":"","heading_alignment":"center","section_width":"full","horizontal_padding":16,"background_color":"#ffffff","text_color":"#000000","button_background":"#f3f3f3","button_text_color":"#121212","add_to_cart_text":"Ajouter au panier","heading_font_size":24,"title_font_size":10,"price_font_size":10,"image_height":310,"add_to_cart_height":30}},"image_banner_jcY8bn":{"type":"image-banner","settings":{"image":"shopify:\/\/shop_images\/DESKTOP-HOOP-SHOP-HERO.jpg","image_overlay_opacity":0,"image_height":"medium","image_behavior":"none","desktop_content_position":"middle-center","desktop_content_alignment":"center","show_text_box":true,"color_scheme":"","stack_images_on_mobile":true,"mobile_content_alignment":"center","show_text_below":true}},"jf_col_XXjHdH":{"type":"jf-col","settings":{"collection_handle":"boucles","products_per_page":48,"enable_filtering":false,"enable_load_more":false,"disable_load_more_after_loading":false,"page_width":1200,"body_font":"","text_color":"#333333","link_color":"#000000","header_alignment":"left","heading_font":"","heading_size":36,"heading_size_mobile":28,"heading_weight":"400","heading_color":"#000000","heading_letter_spacing":0,"heading_margin_bottom":10,"heading_margin_bottom_mobile":5,"header_padding_top":40,"header_padding_bottom":30,"header_padding_top_mobile":20,"header_padding_bottom_mobile":20,"description_size":16,"description_size_mobile":14,"container_gap":40,"columns_desktop":3,"columns_mobile":2,"grid_gap":30,"grid_gap_mobile":15,"card_margin_bottom":0,"product_title_font":"","product_title_size":14,"product_title_size_mobile":13,"product_title_weight":"500","product_title_color":"#000000","product_title_letter_spacing":0,"product_price_font":"","product_price_size":14,"product_price_size_mobile":13,"product_price_weight":"400","product_price_color":"#666666","new_arrival_tag":"","new_arrival_text":"","product_tag_font":"","product_tag_size":12,"product_tag_size_mobile":11,"product_tag_color":"#999999","product_tag_margin_top":0,"image_size":"600x600","image_crop":"center","image_aspect_ratio":"1\/1","image_fit":"cover","product_bg_color":"#f5f5f5","image_margin_bottom":10,"filter_width":150,"filter_sticky":false,"filter_sticky_top":100,"filter_title_font":"","filter_title_color":"#000000","filter_title_size":14,"filter_title_weight":"600","filter_title_letter_spacing":0.5,"filter_option_font":"","filter_option_color":"#666666","filter_option_size":14,"filter_active_color":"#000000","mobile_filter_bg":"#ffffff","mobile_filter_color":"#000000","mobile_filter_border":"#dddddd","load_more_text":"Load More","load_more_font":"","load_more_size":14,"load_more_size_mobile":14,"load_more_weight":"400","load_more_letter_spacing":0,"load_more_width":400,"load_more_margin_top":40,"load_more_padding_vertical":15,"load_more_padding_horizontal":20,"load_more_padding_vertical_mobile":10,"load_more_padding_horizontal_mobile":15,"load_more_bg":"rgba(0,0,0,0)","load_more_color":"#000000","load_more_border_color":"#000000","load_more_border_width":1,"load_more_hover_bg":"#000000","load_more_hover_color":"#ffffff","show_full_description":false,"description_margin_top":60,"full_description_size":16,"full_description_line_height":1.6,"full_description":"<p>Explore our wide range of women's hoop earrings, from large hoops to small hoops, and more. Incorporate a piece of Jennifer Fisher's hoop earrings into your collection, and you'll experience the magic of timeless elegance. Shop all our styles now and discover the perfect hoops to compliment your look.<\/p>"}}},"order":["main","rich_text_QYr6pD","jewelry_categories_bmihVN","pdpaola_grid_product_p8Ebwh","image_banner_jcY8bn","jf_col_XXjHdH"]}