{"sections":{"missoma_product_tem_3dDFkW":{"type":"missoma-product-tem","settings":{"container_width":1200,"top_margin":10,"bottom_margin":60,"font_family":"Arial","title_color":"#000000","text_color":"#333333","price_color":"#000000","link_color":"#000000","border_color":"#e5e5e5","star_color":"#d4d4d4","button_background_color":"#000000","button_text_color":"#ffffff","button_hover_color":"#333333","button_disabled_color":"#999999","gallery_background_color":"#ffffff","nav_button_color":"#000000","option_background_color":"#ffffff","dropdown_background_color":"#ffffff","option_hover_color":"#f5f5f5","option_selected_color":"#f0f0f0","drawer_background_color":"#ffffff","add_to_cart_text":"Ajouter au panier","choose_option_text":"Choisissez une option :","show_size_guide":true,"size_guide_text":"Guide des tailles","size_guide_url":"shopify:\/\/pages\/guide-des-tailles","read_more_text":"","product_details_title":"Détails Du Produit","product_details":"","care_title":"Retours & Échanges","care_instructions":"Nos créations sont produites en séries limitées, voire en pièces uniques. Par souci d’hygiène et pour préserver l’exclusivité de chaque bijou, les retours ne sont pas acceptés en cas de simple changement d’avis.Cependant, si vous n’êtes pas entièrement satisfait(e) de votre bijou, veuillez noter que les articles neufs, non portés, non endommagés et non personnalisés peuvent être retournés dans un délai de 5 jours suivant la réception, pour un remboursement intégral.Les bijoux personnalisés ou réalisés sur mesure peuvent uniquement faire l’objet :d’un échange, oud’un avoir (bon d'achat) d’une valeur équivalente à 70% du montant de l’article, les 30% restants couvrant les frais liés à la conception et à la fabrication.Pour toute demande de retour, veuillez nous contacter au préalable à azorjewelry@gmail.com avec votre numéro de commande et des photos du bijou.","sustainability_title":"Livraison","sustainability_info":"Votre commande est expédiée dans les 48 heures, sous réserve de stock disponible, après la réception de votre règlement. Au Maroc et à l'étranger, les articles vous seront envoyés en express.","shipping_title":"Garantie","shipping_info":"Tous les bijoux Azor bénéficient d’une garantie de 6 mois à compter de la date de réception. Cette garantie couvre les défauts de fabrication ou de matériaux constatés dans des conditions normales d’utilisation.","show_reviews":false,"enable_reviews":false,"reviews_title":"","no_reviews_text":"No reviews yet. Be the first to leave a review!","reviews_disabled_text":"Reviews are currently disabled for this product.","cart_drawer_title":"Votre Panier","empty_cart_text":"Votre panier est vide","subtotal_text":"Subtotal","checkout_text":"Achetez","view_cart_text":"Voir le panier","conditions_title":"Conditions générales","conditions_info":""}},"main":{"type":"main-product","blocks":{"vendor":{"type":"text","disabled":true,"settings":{"text":"{{ product.vendor }}","text_style":"uppercase"}},"title":{"type":"title","disabled":true,"settings":{}},"price":{"type":"price","settings":{}},"variant_picker":{"type":"variant_picker","settings":{"picker_type":"button","swatch_shape":"circle"}},"quantity_selector":{"type":"quantity_selector","settings":{}},"buy_buttons":{"type":"buy_buttons","settings":{"show_dynamic_checkout":true,"show_gift_card_recipient":true}},"description":{"type":"description","settings":{}},"share":{"type":"share","settings":{"share_label":"Share"}}},"block_order":["vendor","title","price","variant_picker","quantity_selector","buy_buttons","description","share"],"disabled":true,"settings":{"enable_sticky_info":true,"color_scheme":"scheme-1","media_size":"large","constrain_to_viewport":true,"media_fit":"contain","gallery_layout":"stacked","mobile_thumbnails":"hide","media_position":"left","image_zoom":"lightbox","hide_variants":true,"enable_video_looping":false,"padding_top":36,"padding_bottom":12}},"related-products":{"type":"related-products","disabled":true,"settings":{"heading":"You may also like","heading_size":"h2","products_to_show":8,"columns_desktop":4,"columns_mobile":"2","color_scheme":"scheme-1","image_ratio":"square","image_shape":"default","show_secondary_image":true,"show_vendor":false,"show_rating":false,"padding_top":36,"padding_bottom":0}},"pdpaola_grid_product_VpRJ9G":{"type":"pdpaola-grid-product","settings":{"collection":"toute-la-joaillerie","heading":"VOUS AIMEREZ PEUT-ÊTRE AUSSI","heading_alignment":"left","section_width":"full","horizontal_padding":16,"background_color":"#ffffff","text_color":"#121212","button_background":"#f3f3f3","button_text_color":"#121212","add_to_cart_text":"Ajouter au panier","heading_font_size":14,"title_font_size":10,"price_font_size":10,"image_height":300,"add_to_cart_height":30}}},"order":["missoma_product_tem_3dDFkW","main","related-products","pdpaola_grid_product_VpRJ9G"]}