{"name":"t:sections.footer.name","type":"footer","sections":{"dior_footer_xxJwgx":{"type":"dior-footer","blocks":{"promo_banner_LTMLVP":{"type":"promo_banner","settings":{"title":"Contacter un conseiller","text":"Les conseillers AZOR sont à votre disposition pour toute information du lundi au vendredi, de 09h00 à 21h00.","link":"shopify:\/\/pages\/contact"}},"promo_banner_YMtXhn":{"type":"promo_banner","settings":{"title":"Découvrez les nouveautés","text":"Découvrez les nouveautésPlus que des bijoux, c'est de l'émotion, de l'art et de l'identité.","link":"shopify:\/\/collections\/nouveautes"}},"promo_banner_HnkbEG":{"type":"promo_banner","settings":{"title":"Services en boutique","text":"Azor vous invite à vivre une expérience unique et intime.Prenez rendez-vous pour découvrir nos pièces en édition limitée.","link":"shopify:\/\/pages\/atelier-azor"}},"menu_KhFVFj":{"type":"menu","settings":{"title":"La Maison Azor","menu":"propos-de-nous-footer","show_dropdown_icons":true}},"menu_PnCbb3":{"type":"menu","settings":{"title":"Explorer Azor","menu":"explorer-azor","show_dropdown_icons":true}},"menu_ydmKzj":{"type":"menu","settings":{"title":"Aide","menu":"aide-menu-footer","show_dropdown_icons":true}},"menu_mFjWGK":{"type":"menu","settings":{"title":"Ressources","menu":"ressources","show_dropdown_icons":true}}},"block_order":["promo_banner_LTMLVP","promo_banner_YMtXhn","promo_banner_HnkbEG","menu_KhFVFj","menu_PnCbb3","menu_ydmKzj","menu_mFjWGK"],"disabled":true,"settings":{"outer_background_color":"#f3f3f3","inner_background_color":"#ffffff","text_color":"#333333","heading_color":"#333333","accent_color":"#937a59","border_color":"#e0e0e0","font_family":"'Helvetica Neue', Helvetica, Arial, sans-serif","show_promo_banners":true,"show_newsletter":true,"newsletter_title":"Inscrivez-vous pour bénéficier de toutes les exclusivités","newsletter_placeholder":"Renseignez un e-mail","newsletter_button":"Confirmer","newsletter_success":"Merci pour votre inscription!","newsletter_error":"Une erreur s'est produite. Veuillez réessayer.","button_background":"#333333","button_text":"#ffffff","button_background_hover":"#555555","show_accessibility_toggle":true,"accessibility_text":"Accessibilité : meilleur contraste","logo":"shopify:\/\/shop_images\/473718710_1348387132818131_72892133825066643_n-removebg-preview_1.png","logo_width":120,"social_title":"Suivez-nous :","show_tiktok":true,"tiktok_link":"https:\/\/www.tiktok.com\/@azorjewelry?is_from_webapp=1&sender_device=pc","show_instagram":true,"instagram_link":"https:\/\/www.instagram.com\/azor_jewelry?utm_source=ig_web_button_share_sheet&igsh=ZDNlZDc0MzIxNw==","show_Youtube":true,"Youtube_link":"http:\/\/www.youtube.com\/@azorjewelry9657","show_facebook":true,"facebook_link":"https:\/\/web.facebook.com\/Azorjewelry\/?locale=fr_FR&_rdc=1&_rdr#","show_Linkedin":true,"Linkedin_link":"https:\/\/www.linkedin.com\/company\/azor-jewelry\/","language_title":"Choisissez votre Pays ou Région & Langue","current_language":"France (français)","language_modal_title":"Choisissez votre Pays ou Région & Langue","language_search_placeholder":"Rechercher un pays ou une région"}},"missoma_popup_wNFpMq":{"type":"missoma-popup","settings":{"show_popup":true,"popup_type":"newsletter","trigger_type":"delay","popup_delay":2,"popup_width":800,"popup_title":"L’UNIVERS AZOR DANS VOTRE BOÎTE MAIL","show_description":true,"popup_description":"Recevez en avant-première nos nouvelles collections, nos inspirations pour briller chaque jour","popup_image":"shopify:\/\/shop_images\/MPCL5944_copy.png","heading_color":"#000000","text_color":"#333333","button_background_color":"#000000","button_text_color":"#ffffff","button_hover_background_color":"#333333","input_border_color":"#e0e0e0","close_button_color":"#000000","disclaimer_color":"#666666","no_thanks_color":"#666666","heading_font_size":24,"text_font_size":14,"show_signup":true,"signup_text":"L’ÉLÉGANCE COMMENCE ICI","email_placeholder":"Entrez votre email","button_text":"S'inscrire","show_close_button":true,"show_no_thanks":true,"no_thanks_text":"Non merci.","show_disclaimer":false,"disclaimer_text":"Changing where you are shipping to may update currency, shipping options and the availability of items in your bag."}},"footer_missoma_VzCa3D":{"type":"footer-missoma","settings":{"newsletter_title":"","help_menu":"propos-de-nous-footer","about_menu":"aide-menu-footer","info_menu":"ressources","instagram_url":"https:\/\/www.instagram.com\/azor_jewelry?utm_source=ig_web_button_share_sheet&igsh=ZDNlZDc0MzIxNw==","facebook_url":"https:\/\/web.facebook.com\/Azorjewelry\/?locale=fr_FR&_rdc=1&_rdr#","tiktok_url":"https:\/\/www.tiktok.com\/@azorjewelry?is_from_webapp=1&sender_device=pc","pinterest_url":"","youtube_url":"https:\/\/www.youtube.com\/@azorjewelry9657"}},"footer":{"type":"footer","disabled":true,"settings":{"color_scheme":"scheme-1","newsletter_enable":true,"newsletter_heading":"Subscribe to our emails","enable_follow_on_shop":true,"show_social":true,"enable_country_selector":true,"enable_language_selector":true,"payment_enable":true,"show_policy":true,"margin_top":0,"padding_top":36,"padding_bottom":36}}},"order":["dior_footer_xxJwgx","missoma_popup_wNFpMq","footer_missoma_VzCa3D","footer"]}