{"name":"t:sections.header.name","type":"header","sections":{"custom_liquid_83kjKU":{"type":"custom-liquid","settings":{"custom_liquid":"<script src=\"https:\/\/cdn.jsdelivr.net\/npm\/node-marquee@3.0.6\/build\/cdn\/index.min.js\"><\/script>\n<div id=\"node-marquee\">\n  <span>Des bijoux qui racontent une histoire, la vôtre - En Or 18K - Des pierres naturelles et précieuses\n    <\/span>\n<\/div>\n<style>\n    #node-marquee {\n        background-color: #FAF7F2;\n        color: #7B5C4B;\n        font-size: 18px;\n        overflow: hidden;\n\n    }\n    #node-marquee span {\n        display: inline-block;\n        white-space: nowrap; \n    }\n<\/style>\n<script>\n    nodeMarquee({\n        parent: '#node-marquee',\n        speed: 0.5\n    });\n<\/script>","color_scheme":"","padding_top":0,"padding_bottom":0}},"header":{"type":"header","blocks":{"menu_image_krGaRg":{"type":"menu-image","disabled":true,"settings":{"link_name":"LA MAISON","link_image":"shopify:\/\/shop_images\/17_6ab201af-3c6b-4637-a86e-34035c4b8cc8.jpg","link_title":"NOS DIAMANTS","link_url":"shopify:\/\/pages\/comment-est-fabrique-azor"}},"menu_image_y7MKGM":{"type":"menu-image","disabled":true,"settings":{"link_name":"LA MAISON","link_image":"shopify:\/\/shop_images\/91_727f6e87-4ef0-4053-b40b-885a95a22c41.jpg","link_title":"NOS MÉTAUX","link_url":"shopify:\/\/pages\/comment-est-fabrique-azor"}},"menu_image_kz7N4c":{"type":"menu-image","disabled":true,"settings":{"link_name":"LA MAISON","link_image":"shopify:\/\/shop_images\/0016.jpg","link_title":"FABRICATION DE AZOR","link_url":"shopify:\/\/pages\/comment-est-fabrique-azor"}},"menu_image_34nj9Y":{"type":"menu-image","settings":{"link_name":"CADEAUX","link_image":"shopify:\/\/shop_images\/2400_charms_ES.jpg","link_title":"ESSENTIEL","link_url":"shopify:\/\/collections\/cadeaux-pour-elle"}},"menu_image_rfQthz":{"type":"menu-image","settings":{"link_name":"CATÉGORIES","link_image":"shopify:\/\/shop_images\/55_98901c16-fa56-428c-80d5-aa7c256a04ac.jpg","link_title":"BAGUE","link_url":"shopify:\/\/collections\/bagues-1"}},"menu_image_kLbM7U":{"type":"menu-image","settings":{"link_name":"CATÉGORIES","link_image":"shopify:\/\/shop_images\/4_7.png","link_title":"BOUCLE D'OREILLE","link_url":"shopify:\/\/collections\/boucles-doreille"}},"menu_image_WwLzFA":{"type":"menu-image","settings":{"link_name":"CATÉGORIES","link_image":"shopify:\/\/shop_images\/MPCL5958_copy_a996310d-2e12-4d79-95f4-391b3b69d839.png","link_title":"BRACELET","link_url":"shopify:\/\/collections\/gourmettes"}},"menu_image_Vy3yTx":{"type":"menu-image","settings":{"link_name":"CATÉGORIES","link_image":"shopify:\/\/shop_images\/4_5208910b-5e6e-4930-b5e1-6982e9625f49.jpg","link_title":"COLLIER","link_url":"shopify:\/\/collections\/colliers"}},"menu_image_7LPnfi":{"type":"menu-image","disabled":true,"settings":{"link_name":"CATÉGORIES","link_image":"shopify:\/\/shop_images\/0W0A1883_copy_286639a6-fe8a-4c07-a3f9-922dd8705a7c.png","link_title":"AUTRES","link_url":"shopify:\/\/collections\/autre"}},"menu_image_7XCaUf":{"type":"menu-image","settings":{"link_name":"CATÉGORIES","link_image":"shopify:\/\/shop_images\/19_76a66118-6600-4da8-ae00-cb17057850b1.jpg","link_title":"Ensembles","link_url":"shopify:\/\/collections\/ensembles"}},"menu_image_FmpNjf":{"type":"menu-image","settings":{"link_name":"CADEAUX","link_image":"shopify:\/\/shop_images\/2400_essentials.2204.jpg","link_title":"POUR ELLE","link_url":"shopify:\/\/collections\/cadeaux-pour-elle"}},"menu_image_XGQVMd":{"type":"menu-image","disabled":true,"settings":{"link_name":"COLLECTIONS","link_image":"shopify:\/\/shop_images\/Screenshot_2025-08-11_at_2.52.54_PM.png","link_title":"MAMAN","link_url":"shopify:\/\/collections\/maman"}},"menu_image_qzdQqF":{"type":"menu-image","settings":{"link_name":"COLLECTIONS","link_image":"shopify:\/\/shop_images\/Screenshot_2025-09-17_at_9.40.25_AM.png","link_title":"Éclat de Nacre","link_url":"shopify:\/\/collections\/eclat-de-nacre"}},"menu_image_fjT8MG":{"type":"menu-image","settings":{"link_name":"COLLECTIONS","link_image":"shopify:\/\/shop_images\/Screenshot_2025-08-11_at_2.53.06_PM.png","link_title":"PERSONNALISÉ","link_url":"shopify:\/\/collections\/tendances"}},"menu_image_fU9mjk":{"type":"menu-image","settings":{"link_name":"COLLECTIONS","link_image":"shopify:\/\/shop_images\/Screenshot_2025-08-11_at_2.47.50_PM.png","link_title":"NOUVEAUTÉ","link_url":"shopify:\/\/collections\/nouveautes"}},"menu_image_iq9yDH":{"type":"menu-image","settings":{"link_name":"COLLECTIONS","link_image":"shopify:\/\/shop_images\/Screenshot_2025-08-11_at_2.53.13_PM.png","link_title":"AMAZIGH","link_url":"shopify:\/\/collections\/amazigh"}}},"block_order":["menu_image_krGaRg","menu_image_y7MKGM","menu_image_kz7N4c","menu_image_34nj9Y","menu_image_rfQthz","menu_image_kLbM7U","menu_image_WwLzFA","menu_image_Vy3yTx","menu_image_7LPnfi","menu_image_7XCaUf","menu_image_FmpNjf","menu_image_XGQVMd","menu_image_qzdQqF","menu_image_fjT8MG","menu_image_fU9mjk","menu_image_iq9yDH"],"custom_css":[".mega_menu_img img {height: 270px;}"],"settings":{"logo_position":"top-center","menu":"home-page-menu-t5","menu_type_desktop":"mega","sticky_header_type":"always","show_line_separator":false,"color_scheme":"scheme-1","menu_color_scheme":"scheme-1","enable_country_selector":false,"enable_language_selector":false,"enable_customer_avatar":true,"mobile_logo_position":"center","margin_bottom":0,"padding_top":0,"padding_bottom":0}},"missoma_header1_3H6CQh":{"type":"missoma-header1","disabled":true,"settings":{"search_placeholder":"Rechercher Azor...","clear_button_text":"Clear","popular_searches_title":"RECHERCHES POPULAIRES","popular_search_1":"Bagues","popular_search_2":"Azule","popular_search_3":"Boucles","popular_search_4":"Cadeaux","popular_search_5":""}}},"order":["custom_liquid_83kjKU","header","missoma_header1_3H6CQh"]}